BU,Marca,Segmento,Campaña,Pieza_ID,Objetivo,TouchPoint,Touchpoint_Raw,Segmentos_Combinados,Canal,Email_Type,Tipo_Envio,Fecha_Primer_Envio,Fecha_Ultimo_Envio,Mes_Lanzamiento,Quincena,Quincenas_Activas,N_Quincenas,Meses_Activos,N_Meses,Sends_Por_Quincena,Sends_Por_Mes,N_Envios_Fechados,Granularidad_Periodo,Fecha_Origen,Dias_Envio,Fuente_Dato,Clicks_Medidos,Sends,Email_Name,Email_Names_Variantes,N_Email_Names,Codigo_NC,Tiene_Qcart,N_Recetas,Carritos_Total,Views_Total,Receta_1,URL_Receta_1,Cod_Walmart_1,Carritos_Walmart_1,Cod_Chedraui_1,Carritos_Chedraui_1,Receta_2,URL_Receta_2,Cod_Walmart_2,Carritos_Walmart_2,Cod_Chedraui_2,Carritos_Chedraui_2,Receta_3,URL_Receta_3,Cod_Walmart_3,Carritos_Walmart_3,Cod_Chedraui_3,Carritos_Chedraui_3,Receta_4,URL_Receta_4,Cod_Walmart_4,Carritos_Walmart_4,Cod_Chedraui_4,Carritos_Chedraui_4,Estado,Fuente_Qcart,Notas,Subsegmento,Content_ID (final del Email_Name),Email_ID (de la DE de SFMC),Oleada,Mascota,Fecha_Activacion_Qcart,Activaciones_Qcart,Pieza_Principal_ID,Subject,Mes,Mes (#),Receta_5,URL_Receta_5,Cod_Walmart_5,Carritos_Walmart_5,Cod_Chedraui_5,Carritos_Chedraui_5,Codigos_Qcart,Whatsapp_Name,Whatsapp_Names_Variantes,N_Whatsapp_Names
RN,Recetas Nestlé,Career Focused,AON,001-P001,Purchase,E-P4,N/A,N/A,Email,Principal,one-shot,2026-03-19,2026-03-19,2026-03,2026-03-Q2,2026-03-Q2,1,2026-03,1,2026-03-Q2:34449,2026-03:34449,2,dia,CATALOGO-CORRECCIONES.md (SFMC no distingue el par),1,datorama,N/A · email,34449,J_AO-RECETAS-NESTLÉ-NC000600_1_IBS_MULT_MULT_MLT_MLTS_MX_ES_CAREER-FOCUSED_AC_EM_A_V1_803867,J_AO-RECETAS-NESTLÉ-NC000600_1_IBS_MULT_MULT_MLT_MLTS_MX_ES_CAREER-FOCUSED_AC_EM_A_V1_863587 ; J_AO-RECETAS-NESTLÉ-NC000600_1_IBS_MULT_MULT_MLT_MLTS_MX_ES_PURCHASE-EP4_AC_EM_A_V1_863587,2,NC000600,Sí,3,93,261,Tartara de atún | Recetas Nestlé,https://www.recetasnestle.com.mx/recetas/tartara-de-atun,Mb4KvUvP,93,N/A,0,Salmón a las finas hierbas,N/A,E8RDSsHg,N/A,N/A,N/A,Wraps de atún,N/A,9Bm8slOi,N/A,N/A,N/A,N/A,N/A,N/A,N/A,N/A,N/A,Confirmado,Qcart-Links Mails-Hive- MX.xlsx · Abril · f17,Oleada MARZO (journey 803867). Su par de abril es 001-P023.,N/A,803867,79469,MARZO,N/A,2026-04-30,2026-04-30  [1 código(s)],N/A,"[Test]:%%[  IF EMPTY([FIRST_NAME]) THEN  ]%% ¡Hola!, soluciones prácticas para tu semana ocupada %%[  ELSE  ]%% %%=ProperCase([FIRST_NAME])=%%, soluciones prácticas para tu semana ocupada %%[  ENDIF",Marzo,3,N/A,N/A,N/A,N/A,N/A,N/A,"Mb4KvUvP, E8RDSsHg, 9Bm8slOi",N/A,N/A,N/A
RN,Recetas Nestlé,Career Focused,AON,001-P002,Purchase,E-P4,N/A,N/A,Email,Follow Up,one-shot,2026-03-20,2026-03-20,2026-03,2026-03-Q2,2026-03-Q2,1,2026-03,1,2026-03-Q2:26508,2026-03:26508,2,dia,CATALOGO-CORRECCIONES.md (SFMC no distingue el par),1,datorama,N/A · email,26508,J_AO-RECETAS-NESTLÉ-NC000600_1_IBS_MULT_MULT_MLT_MLTS_MX_ES_CAREER-FOCUSED-FUP_AC_EM_A_V1_803867,J_AO-RECETAS-NESTLÉ-NC000600_1_IBS_MULT_MULT_MLT_MLTS_MX_ES_FUP-CAREER-FOCUSED_AC_EM_A_V1_863587 ; J_AO-RECETAS-NESTLÉ-NC000600_1_IBS_MULT_MULT_MLT_MLTS_MX_ES_FUP-PURCHASE-EP4_AC_EM_A_V1_863587,2,NC000600,No,0,0,0,N/A,N/A,N/A,N/A,N/A,N/A,N/A,N/A,N/A,N/A,N/A,N/A,N/A,N/A,N/A,N/A,N/A,N/A,N/A,N/A,N/A,N/A,N/A,N/A,Confirmado,N/A,Oleada MARZO (journey 803867). Su par de abril es 001-P028.,N/A,803867,79542,MARZO,N/A,N/A,N/A,001-P001,"%%[  IF EMPTY([FIRST_NAME]) THEN  ]%% ¡Hola! menos tiempo en cocina. Más tiempo para ti. %%[  ELSE  ]%% %%=ProperCase([FIRST_NAME])=%%, menos tiempo en cocina. Más tiempo para ti. %%[  ENDIF  ]%%",Marzo,3,N/A,N/A,N/A,N/A,N/A,N/A,N/A,N/A,N/A,N/A
RN,Recetas Nestlé,New Parents,AON,001-P003,Purchase,E-P3,N/A,N/A,Email,Principal,one-shot,2026-03-14,2026-03-14,2026-03,2026-03-Q1,2026-03-Q1,1,2026-03,1,2026-03-Q1:5968,2026-03:5968,2,dia,CATALOGO-CORRECCIONES.md (SFMC no distingue el par),1,datorama,N/A · email,5968,J_AO-RECETAS-NESTLÉ-NC000600_1_IBS_MULT_MULT_MLT_MLTS_MX_ES_NEW-PARENTS_AC_EM_A_V1_803867,J_AO-RECETAS-NESTLÉ-NC000600_1_IBS_MULT_MULT_MLT_MLTS_MX_ES_NEW-PARENTS_AC_EM_A_V1_863587 ; J_AO-RECETAS-NESTLÉ-NC000600_1_IBS_MULT_MULT_MLT_MLTS_MX_ES_PURCHASE-EP3_AC_EM_A_V1_863587,2,NC000600,Sí,3,127,312,Rollitos de calabaza con queso y brócoli | Recetas Nestlé,https://www.recetasnestle.com.mx/recetas/rollitos-calabaza-queso-brocoli,os3U6hWb,69,N/A,0,Espagueti Rojo Cremoso,https://www.recetasnestle.com.mx/recetas/salmon-finas-hierbas,ETJFEOzD,47,N/A,0,Molletes,https://www.recetasnestle.com.mx/recetas/wraps-atun,1iqH9Tx7,11,N/A,0,N/A,N/A,N/A,N/A,N/A,N/A,Confirmado,Qcart-Links Mails-Hive- MX.xlsx · Abril · f16,Oleada MARZO (journey 803867). Su par de abril es 001-P024.,N/A,803867,79472,MARZO,N/A,2026-03-13,2026-03-13 · 2026-04-30  [3 código(s)],N/A,"[Test]:%%[  IF EMPTY([FIRST_NAME]) THEN  ]%% ¡Hola!, simplifica tu semana con estas recetas fáciles %%[  ELSE  ]%% %%=ProperCase([FIRST_NAME])=%%, simplifica tu semana con estas recetas fáciles %%[  E",Marzo,3,N/A,N/A,N/A,N/A,N/A,N/A,"os3U6hWb, ETJFEOzD, 1iqH9Tx7",N/A,N/A,N/A
RN,Recetas Nestlé,New Parents,AON,001-P004,Purchase,E-P3,N/A,N/A,Email,Follow Up,one-shot,2026-03-17,2026-03-17,2026-03,2026-03-Q2,2026-03-Q2,1,2026-03,1,2026-03-Q2:5397,2026-03:5397,2,dia,CATALOGO-CORRECCIONES.md (SFMC no distingue el par),1,datorama,N/A · email,5397,J_AO-RECETAS-NESTLÉ-NC000600_1_IBS_MULT_MULT_MLT_MLTS_MX_ES_NEW-PARENTS-FUP_AC_EM_A_V1_803867,J_AO-RECETAS-NESTLÉ-NC000600_1_IBS_MULT_MULT_MLT_MLTS_MX_ES_FUP-NEW-PARENTS_AC_EM_A_V1_863587 ; J_AO-RECETAS-NESTLÉ-NC000600_1_IBS_MULT_MULT_MLT_MLTS_MX_ES_FUP-PURCHASE-EP3_AC_EM_A_V1_863587,2,NC000600,No,0,0,0,N/A,N/A,N/A,N/A,N/A,N/A,N/A,N/A,N/A,N/A,N/A,N/A,N/A,N/A,N/A,N/A,N/A,N/A,N/A,N/A,N/A,N/A,N/A,N/A,Confirmado,N/A,Oleada MARZO (journey 803867). Su par de abril es 001-P026.,N/A,803867,79543,MARZO,N/A,N/A,N/A,001-P003,"%%[  IF EMPTY([FIRST_NAME]) THEN  ]%% ¡Hola! ¿aún no sabes qué cocinar hoy? Aquí te ayudamos %%[  ELSE  ]%% %%=ProperCase([FIRST_NAME])=%%, ¿aún no sabes qué cocinar hoy? Aquí te ayudamos %%[  ENDIF",Marzo,3,N/A,N/A,N/A,N/A,N/A,N/A,N/A,N/A,N/A,N/A
RN,Recetas Nestlé,Traditional Parents,AON,001-P005,Purchase,E-P1,N/A,N/A,Email,Principal,one-shot,2026-03-18,2026-03-18,2026-03,2026-03-Q2,2026-03-Q2,1,2026-03,1,2026-03-Q2:37374,2026-03:37374,2,dia,CATALOGO-CORRECCIONES.md (SFMC no distingue el par),1,datorama,N/A · email,37374,J_AO-RECETAS-NESTLÉ-NC000600_1_IBS_MULT_MULT_MLT_MLTS_MX_ES_TRADITIONAL-PARENTS_AC_EM_A_V1_803867 · J_AO-RECETAS-NESTLÉ-NC000600_1_IBS_MULT_MULT_MLT_MLTS_MX_ES_TRADITIONAL-PARENTS_AC_EM_A_V1_863587,J_AO-RECETAS-NESTLÉ-NC000600_1_IBS_MULT_MULT_MLT_MLTS_MX_ES_TRADITIONAL-PARENTS_AC_EM_A_V1_863587 ; J_AO-RECETAS-NESTLÉ-NC000600_1_IBS_MULT_MULT_MLT_MLTS_MX_ES_PURCHASE-EP1_AC_EM_A_V1_863587,2,NC000600,Sí,4,311,664,Mini Hambuguesas de Pollo,https://www.recetasnestle.com.mx/recetas/mini-hamburguesas-pollo,SGm6GxjJ,125,N/A,0,Mini Cheesecake sin Horno,https://www.recetasnestle.com.mx/recetas/postres-mini-cheesecake-frio,kzFAiKMv,95,N/A,0,Carne para Hamburguesa,https://www.recetasnestle.com.mx/recetas/carne-hamburguesa,vgMqmCrL,59,N/A,0,Tinga de Pollo,https://www.recetasnestle.com.mx/recetas/comidas-tinga-pollo,uDEM0jlX,32,N/A,0,Confirmado,Qcart-Links Mails-Hive- MX.xlsx · Abril · f13,Oleada MARZO (journey 803867). Su par de abril es 001-P025.,N/A,803867,79320,MARZO,N/A,2026-03-13,2026-03-13 · 2026-04-30  [4 código(s)],N/A,"[Test]:%%[  IF EMPTY([FIRST_NAME]) THEN  ]%% ¡Hola!, recetas rendidoras para toda la familia 🍽️ %%[  ELSE  ]%% %%=ProperCase([FIRST_NAME])=%%, recetas rendidoras para toda la familia 🍽️ %%[  ENDIF",Marzo,3,N/A,N/A,N/A,N/A,N/A,N/A,"SGm6GxjJ, kzFAiKMv",N/A,N/A,N/A
RN,Recetas Nestlé,Traditional Parents,AON,001-P006,Purchase,E-P1,N/A,N/A,Email,Follow Up,one-shot,2026-03-20,2026-03-20,2026-03,2026-03-Q2,2026-03-Q2,1,2026-03,1,2026-03-Q2:28829,2026-03:28829,2,dia,CATALOGO-CORRECCIONES.md (SFMC no distingue el par),1,datorama,N/A · email,28829,J_AO-RECETAS-NESTLÉ-NC000600_1_IBS_MULT_MULT_MLT_MLTS_MX_ES_TRADITIONAL-PARENTS-FP_AC_EM_A_V1_803867 · J_AO-RECETAS-NESTLÉ-NC000600_1_IBS_MULT_MULT_MLT_MLTS_MX_ES_FUP-TRADITIONAL-PARENTS_AC_EM_A_V1_863587,J_AO-RECETAS-NESTLÉ-NC000600_1_IBS_MULT_MULT_MLT_MLTS_MX_ES_FUP-TRADITIONAL-PARENTS_AC_EM_A_V1_863587 ; J_AO-RECETAS-NESTLÉ-NC000600_1_IBS_MULT_MULT_MLT_MLTS_MX_ES_FUP-PURCHASE-EP1_AC_EM_A_V1_863587,2,NC000600,No,0,0,0,N/A,N/A,N/A,N/A,N/A,N/A,N/A,N/A,N/A,N/A,N/A,N/A,N/A,N/A,N/A,N/A,N/A,N/A,N/A,N/A,N/A,N/A,N/A,N/A,Confirmado,N/A,Oleada MARZO (journey 803867). Su par de abril es 001-P027.,N/A,803867,79541,MARZO,N/A,N/A,N/A,001-P005,"%%[  IF EMPTY([FIRST_NAME]) THEN  ]%% ¡Hola! ¿aún no sabes qué cocinar hoy? Aquí te ayudamos %%[  ELSE  ]%% %%=ProperCase([FIRST_NAME])=%%, ¿aún no sabes qué cocinar hoy? Aquí te ayudamos %%[  ENDIF",Marzo,3,N/A,N/A,N/A,N/A,N/A,N/A,N/A,N/A,N/A,N/A
RN,Recetas Nestlé,Activos,AON,001-P007,Descarga App,E-D1,1,N/A,Email,Principal,one-shot,2026-04-21,2026-04-21,2026-04,2026-04-Q2,2026-04-Q2,1,2026-04,1,2026-04-Q2:556864,2026-04:556864,1,dia,SFMC · min(SendDay),1,datorama,N/A · email,556864,J_AO-RECETAS-NESTLÉ-NC000600_1_IBS_MULT_MULT_MLT_MLTS_MX_ES_ABRIL-AON-APP-1_AC_EM_A_V1_865439,J_AO-RECETAS-NESTLÉ-NC000600_1_IBS_MULT_MULT_MLT_MLTS_MX_ES_ABRIL-AON-APP-1_AC_EM_A_V1_865439,1,NC000600,No,0,0,0,N/A,N/A,N/A,N/A,N/A,N/A,N/A,N/A,N/A,N/A,N/A,N/A,N/A,N/A,N/A,N/A,N/A,N/A,N/A,N/A,N/A,N/A,N/A,N/A,Confirmado,N/A,N/A,N/A,865439,80690,N/A,N/A,N/A,N/A,N/A,Recetas frescas y fáciles en tu app,Abril,4,N/A,N/A,N/A,N/A,N/A,N/A,N/A,N/A,N/A,N/A
RN,Recetas Nestlé,Activos,AON,001-P008,Descarga App,E-D1,1,N/A,Email,Follow Up,one-shot,2026-04-24,2026-04-24,2026-04,2026-04-Q2,2026-04-Q2,1,2026-04,1,2026-04-Q2:355979,2026-04:355979,1,dia,SFMC · min(SendDay),1,datorama,N/A · email,355979,J_AO-RECETAS-NESTLÉ-NC000600_1_IBS_MULT_MULT_MLT_MLTS_MX_ES_FUP-ABRIL-AON-APP-1_AC_EM_A_V1_865439,J_AO-RECETAS-NESTLÉ-NC000600_1_IBS_MULT_MULT_MLT_MLTS_MX_ES_FUP-ABRIL-AON-APP-1_AC_EM_A_V1_865439,1,NC000600,No,0,0,0,N/A,N/A,N/A,N/A,N/A,N/A,N/A,N/A,N/A,N/A,N/A,N/A,N/A,N/A,N/A,N/A,N/A,N/A,N/A,N/A,N/A,N/A,N/A,N/A,Confirmado,N/A,N/A,N/A,865439,80836,N/A,N/A,N/A,N/A,001-P007,Las mejores recetas en tu app para Abril,Abril,4,N/A,N/A,N/A,N/A,N/A,N/A,N/A,N/A,N/A,N/A
RN,Recetas Nestlé,Activos,AON,001-P009,Descarga App,E-D2,2,N/A,Email,Principal,one-shot,2026-04-24,2026-04-27,2026-04,2026-04-Q2,2026-04-Q2,1,2026-04,1,2026-04-Q2:225246,2026-04:225246,2,dia,SFMC · min(SendDay),2,datorama,N/A · email,225246,J_AO-RECETAS-NESTLÉ-NC000600_1_IBS_MULT_MULT_MLT_MLTS_MX_ES_ABRIL-AON-APP-2_AC_EM_A_V1_865439,J_AO-RECETAS-NESTLÉ-NC000600_1_IBS_MULT_MULT_MLT_MLTS_MX_ES_ABRIL-AON-APP-2_AC_EM_A_V1_865439,1,NC000600,No,0,0,0,N/A,N/A,N/A,N/A,N/A,N/A,N/A,N/A,N/A,N/A,N/A,N/A,N/A,N/A,N/A,N/A,N/A,N/A,N/A,N/A,N/A,N/A,N/A,N/A,Confirmado,N/A,N/A,N/A,865439,80790,N/A,N/A,N/A,N/A,N/A,Ideas para días calurosos en tu App Recetas Nestlé,Abril,4,N/A,N/A,N/A,N/A,N/A,N/A,N/A,N/A,N/A,N/A
RN,Recetas Nestlé,Activos,AON,001-P010,Descarga App,E-D2,2,N/A,Email,Follow Up,one-shot,2026-04-27,2026-04-30,2026-04,2026-04-Q2,2026-04-Q2,1,2026-04,1,2026-04-Q2:47857,2026-04:47857,2,dia,SFMC · min(SendDay),2,datorama,N/A · email,47857,J_AO-RECETAS-NESTLÉ-NC000600_1_IBS_MULT_MULT_MLT_MLTS_MX_ES_FUP-ABRIL-AON-APP-2_AC_EM_A_V1_865439,J_AO-RECETAS-NESTLÉ-NC000600_1_IBS_MULT_MULT_MLT_MLTS_MX_ES_FUP-ABRIL-AON-APP-2_AC_EM_A_V1_865439,1,NC000600,No,0,0,0,N/A,N/A,N/A,N/A,N/A,N/A,N/A,N/A,N/A,N/A,N/A,N/A,N/A,N/A,N/A,N/A,N/A,N/A,N/A,N/A,N/A,N/A,N/A,N/A,Confirmado,N/A,N/A,N/A,865439,80837,N/A,N/A,N/A,N/A,001-P009,Organiza tus días libres con la App de Recetas Nestlé,Abril,4,N/A,N/A,N/A,N/A,N/A,N/A,N/A,N/A,N/A,N/A
RN,Recetas Nestlé,Dinkies y Empty Nesters,AON,001-P011,Purchase,E-P2,EP2,N/A,Email,Principal,one-shot,2026-04-30,2026-04-30,2026-04,2026-04-Q2,2026-04-Q2,1,2026-04,1,2026-04-Q2:75942,2026-04:75942,1,dia,SFMC · min(SendDay),1,datorama,N/A · email,75942,J_AO-RECETAS-NESTLÉ-NC000600_1_IBS_MULT_MULT_MLT_MLTS_MX_ES_PURCHASE-EP2_AC_EM_A_V1_863587,J_AO-RECETAS-NESTLÉ-NC000600_1_IBS_MULT_MULT_MLT_MLTS_MX_ES_PURCHASE-EP2_AC_EM_A_V1_863587,1,NC000600,Sí,1,470,1121,Jocho de sushi | Recetas Nestlé,https://www.recetasnestle.com.mx/recetas/jocho-sushi,YdlUlPrm,423,N/A,0,N/A,https://www.recetasnestle.com.mx/recetas/molletes,N/A,25,N/A,0,N/A,https://www.recetasnestle.com.mx/recetas/espagueti-rojo-cremoso,N/A,22,N/A,0,N/A,N/A,N/A,N/A,N/A,N/A,Confirmado,Qcart-Links Mails-Hive- MX.xlsx · Abril · f15,N/A,N/A,863587,80928,N/A,N/A,2026-03-13,2026-03-13 · 2026-04-30  [3 código(s)],N/A,¿Te atreves a un platillo distinto y fácil?,Abril,4,N/A,N/A,N/A,N/A,N/A,N/A,YdlUlPrm,N/A,N/A,N/A
RN,Recetas Nestlé,Dinkies y Empty Nesters,AON,001-P012,Purchase,E-P2,EP2,N/A,Email,Follow Up,one-shot,2026-05-03,2026-05-03,2026-05,2026-05-Q1,2026-05-Q1,1,2026-05,1,2026-05-Q1:58021,2026-05:58021,1,dia,SFMC · min(SendDay),1,datorama,N/A · email,58021,J_AO-RECETAS-NESTLÉ-NC000600_1_IBS_MULT_MULT_MLT_MLTS_MX_ES_FUP-PURCHASE-EP2_AC_EM_A_V1_863587,J_AO-RECETAS-NESTLÉ-NC000600_1_IBS_MULT_MULT_MLT_MLTS_MX_ES_FUP-PURCHASE-EP2_AC_EM_A_V1_863587,1,NC000600,No,0,0,0,N/A,N/A,N/A,N/A,N/A,N/A,N/A,N/A,N/A,N/A,N/A,N/A,N/A,N/A,N/A,N/A,N/A,N/A,N/A,N/A,N/A,N/A,N/A,N/A,Confirmado,N/A,N/A,N/A,863587,81285,N/A,N/A,N/A,N/A,001-P011,Ideas nuevas y frescas para tu semana,Mayo,5,N/A,N/A,N/A,N/A,N/A,N/A,N/A,N/A,N/A,N/A
RN,Recetas Nestlé,Usuarios con Engagement,AON,001-P013,Loyalty,E-L1,TP1,N/A,Email,Principal,one-shot,2026-05-13,2026-05-13,2026-05,2026-05-Q1,2026-05-Q1,1,2026-05,1,2026-05-Q1:246251,2026-05:246251,1,dia,SFMC · min(SendDay),1,datorama,N/A · email,246251,J_AO-RECETAS-NESTLÉ-NC000600_1_IBS_MULT_MULT_MLT_MLTS_MX_ES_AON-LOYALTY-TP1_EN_EM_A_V1_863587,J_AO-RECETAS-NESTLÉ-NC000600_1_IBS_MULT_MULT_MLT_MLTS_MX_ES_AON-LOYALTY-TP1_EN_EM_A_V1_863587,1,NC000600,No,0,0,0,N/A,N/A,N/A,N/A,N/A,N/A,N/A,N/A,N/A,N/A,N/A,N/A,N/A,N/A,N/A,N/A,N/A,N/A,N/A,N/A,N/A,N/A,N/A,N/A,Confirmado,N/A,N/A,N/A,863587,81050,N/A,N/A,N/A,N/A,N/A,Comparte estas recetas para el inicio del calor,Mayo,5,N/A,N/A,N/A,N/A,N/A,N/A,N/A,N/A,N/A,N/A
RN,Recetas Nestlé,Usuarios con Engagement,AON,001-P014,Loyalty,E-L1,TP1,N/A,Email,Follow Up,one-shot,2026-05-16,2026-05-16,2026-05,2026-05-Q2,2026-05-Q2,1,2026-05,1,2026-05-Q2:83170,2026-05:83170,1,dia,SFMC · min(SendDay),1,datorama,N/A · email,83170,J_AO-RECETAS-NESTLÉ-NC000600_1_IBS_MULT_MULT_MLT_MLTS_MX_ES_AON-LOYALTY-FUP_EN_EM_A_V1_863587,J_AO-RECETAS-NESTLÉ-NC000600_1_IBS_MULT_MULT_MLT_MLTS_MX_ES_AON-LOYALTY-FUP_EN_EM_A_V1_863587,1,NC000600,No,0,0,0,N/A,N/A,N/A,N/A,N/A,N/A,N/A,N/A,N/A,N/A,N/A,N/A,N/A,N/A,N/A,N/A,N/A,N/A,N/A,N/A,N/A,N/A,N/A,N/A,Confirmado,N/A,N/A,N/A,863587,81653,N/A,N/A,N/A,N/A,001-P013,Tu toque al recetario de México suma,Mayo,5,N/A,N/A,N/A,N/A,N/A,N/A,N/A,N/A,N/A,N/A
RN,"Carnation, La Lechera",Saludables,Hotcakes,002-P001,Purchase,E-P1,V1,N/A,Email,Principal,one-shot,2026-05-20,2026-05-20,2026-05,2026-05-Q2,2026-05-Q2,1,2026-05,1,2026-05-Q2:9880,2026-05:9880,1,dia,SFMC · min(SendDay),1,datorama,N/A · email,9880,J_AO-RECETAS-NESTLÉ-NC000600_1_IBS_MULT_MULT_MLT_MLTS_MX_ES_HOTCAKES-INSPIRATION_AC_EM_A_V1_2894428,J_AO-RECETAS-NESTLÉ-NC000600_1_IBS_MULT_MULT_MLT_MLTS_MX_ES_HOTCAKES-INSPIRATION_AC_EM_A_V1_2894428,1,NC000600,Sí,1,4,0,Hot cakes de avena y linaza,https://www.recetasnestle.com.mx/recetas/hot-cakes-avena-linaza,NhrllATy,4,N/A,0,N/A,N/A,N/A,N/A,N/A,N/A,N/A,N/A,N/A,N/A,N/A,N/A,N/A,N/A,N/A,N/A,N/A,N/A,Confirmado,Qcart-Links Mails-Hive- MX.xlsx · Mayo · f9,N/A,N/A,2894428,81598,N/A,N/A,2026-05-20,2026-05-20  [1 código(s)],N/A,Disfruta de un ritual de bienestar esponjoso,Mayo,5,N/A,N/A,N/A,N/A,N/A,N/A,NhrllATy,N/A,N/A,N/A
RN,"Carnation, La Lechera",Prácticos,Hotcakes,002-P002,Purchase,E-P2,V2,N/A,Email,Principal,one-shot,2026-05-20,2026-05-20,2026-05,2026-05-Q2,2026-05-Q2,1,2026-05,1,2026-05-Q2:13311,2026-05:13311,1,dia,SFMC · min(SendDay),1,datorama,N/A · email,13311,J_AO-RECETAS-NESTLÉ-NC000600_1_IBS_MULT_MULT_MLT_MLTS_MX_ES_HOTCAKES-INSPIRATION_AC_EM_A_V2_2894428,J_AO-RECETAS-NESTLÉ-NC000600_1_IBS_MULT_MULT_MLT_MLTS_MX_ES_HOTCAKES-INSPIRATION_AC_EM_A_V2_2894428,1,NC000600,Sí,1,55,98,Hot cakes platano con Avena,Hotcakes de Plátano con Avena | Recetas Nestlé,3o1GDbRc,55,N/A,0,N/A,N/A,N/A,N/A,N/A,N/A,N/A,N/A,N/A,N/A,N/A,N/A,N/A,N/A,N/A,N/A,N/A,N/A,Confirmado,Qcart-Links Mails-Hive- MX.xlsx · Mayo · f10,N/A,N/A,2894428,81605,N/A,N/A,2026-05-20,2026-05-20  [1 código(s)],N/A,Tu ritual rápido de desayuno,Mayo,5,N/A,N/A,N/A,N/A,N/A,N/A,3o1GDbRc,N/A,N/A,N/A
RN,"Carnation, La Lechera",Indulgentes,Hotcakes,002-P003,Purchase,E-P3,V3,N/A,Email,Principal,one-shot,2026-05-20,2026-05-20,2026-05,2026-05-Q2,2026-05-Q2,1,2026-05,1,2026-05-Q2:22069,2026-05:22069,1,dia,SFMC · min(SendDay),1,datorama,N/A · email,22069,J_AO-RECETAS-NESTLÉ-NC000600_1_IBS_MULT_MULT_MLT_MLTS_MX_ES_HOTCAKES-INSPIRATION_AC_EM_A_V3_2894428,J_AO-RECETAS-NESTLÉ-NC000600_1_IBS_MULT_MULT_MLT_MLTS_MX_ES_HOTCAKES-INSPIRATION_AC_EM_A_V3_2894428,1,NC000600,Sí,1,81,247,Hot cakes red velvet,https://www.recetasnestle.com.mx/recetas/desayunos-hot-cakes-red-velvet,qrMAKnjA,81,N/A,0,N/A,N/A,N/A,N/A,N/A,N/A,N/A,N/A,N/A,N/A,N/A,N/A,N/A,N/A,N/A,N/A,N/A,N/A,Confirmado,Qcart-Links Mails-Hive- MX.xlsx · Mayo · f11,N/A,N/A,2894428,81607,N/A,N/A,2026-05-20,2026-05-20  [1 código(s)],N/A,Antojo sabroso y dulce para tu ritual mañanero,Mayo,5,N/A,N/A,N/A,N/A,N/A,N/A,qrMAKnjA,N/A,N/A,N/A
RN,"Carnation, La Lechera",FamilyKids,Hotcakes,002-P004,Purchase,E-P4,V4,N/A,Email,Principal,one-shot,2026-05-20,2026-05-20,2026-05,2026-05-Q2,2026-05-Q2,1,2026-05,1,2026-05-Q2:15407,2026-05:15407,1,dia,SFMC · min(SendDay),1,datorama,N/A · email,15407,J_AO-RECETAS-NESTLÉ-NC000600_1_IBS_MULT_MULT_MLT_MLTS_MX_ES_HOTCAKES-INSPIRATION_AC_EM_A_V4_2894428,J_AO-RECETAS-NESTLÉ-NC000600_1_IBS_MULT_MULT_MLT_MLTS_MX_ES_HOTCAKES-INSPIRATION_AC_EM_A_V4_2894428,1,NC000600,Sí,1,44,272,Mini hot cakes de manzana,https://www.recetasnestle.com.mx/recetas/mini-hotcakes-manzana,LU7k7fMB,44,N/A,0,N/A,N/A,N/A,N/A,N/A,N/A,N/A,N/A,N/A,N/A,N/A,N/A,N/A,N/A,N/A,N/A,N/A,N/A,Confirmado,Qcart-Links Mails-Hive- MX.xlsx · Mayo · f12,N/A,N/A,2894428,81609,N/A,N/A,2026-05-20,2026-05-20  [1 código(s)],N/A,Ritual riquísimo para disfrutar con tus hijos,Mayo,5,N/A,N/A,N/A,N/A,N/A,N/A,LU7k7fMB,N/A,N/A,N/A
RN,"Carnation, La Lechera",Saludables,Hotcakes,002-P005,Purchase,E-P1,V1,N/A,Email,Follow Up,one-shot,2026-05-23,2026-05-23,2026-05,2026-05-Q2,2026-05-Q2,1,2026-05,1,2026-05-Q2:7226,2026-05:7226,1,dia,SFMC · min(SendDay),1,datorama,N/A · email,7226,J_AO-RECETAS-NESTLÉ-NC000600_1_IBS_MULT_MULT_MLT_MLTS_MX_ES_HOTCAKES_AC_EM_FUP_A_V1_2894428,J_AO-RECETAS-NESTLÉ-NC000600_1_IBS_MULT_MULT_MLT_MLTS_MX_ES_HOTCAKES_AC_EM_FUP_A_V1_2894428,1,NC000600,No,0,0,0,N/A,N/A,N/A,N/A,N/A,N/A,N/A,N/A,N/A,N/A,N/A,N/A,N/A,N/A,N/A,N/A,N/A,N/A,N/A,N/A,N/A,N/A,N/A,N/A,Confirmado,N/A,N/A,N/A,2894428,81602,N/A,N/A,N/A,N/A,002-P001,Lo esencial para un desayuno ligero,Mayo,5,N/A,N/A,N/A,N/A,N/A,N/A,N/A,N/A,N/A,N/A
RN,"Carnation, La Lechera",Prácticos,Hotcakes,002-P006,Purchase,E-P2,V2,N/A,Email,Follow Up,one-shot,2026-05-23,2026-05-23,2026-05,2026-05-Q2,2026-05-Q2,1,2026-05,1,2026-05-Q2:9701,2026-05:9701,1,dia,SFMC · min(SendDay),1,datorama,N/A · email,9701,J_AO-RECETAS-NESTLÉ-NC000600_1_IBS_MULT_MULT_MLT_MLTS_MX_ES_HOTCAKES_AC_EM_FUP_A_V2_2894428,J_AO-RECETAS-NESTLÉ-NC000600_1_IBS_MULT_MULT_MLT_MLTS_MX_ES_HOTCAKES_AC_EM_FUP_A_V2_2894428,1,NC000600,No,0,0,0,N/A,N/A,N/A,N/A,N/A,N/A,N/A,N/A,N/A,N/A,N/A,N/A,N/A,N/A,N/A,N/A,N/A,N/A,N/A,N/A,N/A,N/A,N/A,N/A,Confirmado,N/A,N/A,N/A,2894428,81606,N/A,N/A,N/A,N/A,002-P002,Resuelve tus hot cakes en minutos,Mayo,5,N/A,N/A,N/A,N/A,N/A,N/A,N/A,N/A,N/A,N/A
RN,"Carnation, La Lechera",Indulgentes,Hotcakes,002-P007,Purchase,E-P3,V3,N/A,Email,Follow Up,one-shot,2026-05-23,2026-05-23,2026-05,2026-05-Q2,2026-05-Q2,1,2026-05,1,2026-05-Q2:15688,2026-05:15688,1,dia,SFMC · min(SendDay),1,datorama,N/A · email,15688,J_AO-RECETAS-NESTLÉ-NC000600_1_IBS_MULT_MULT_MLT_MLTS_MX_ES_HOTCAKES_AC_EM_FUP_A_V3_2894428,J_AO-RECETAS-NESTLÉ-NC000600_1_IBS_MULT_MULT_MLT_MLTS_MX_ES_HOTCAKES_AC_EM_FUP_A_V3_2894428,1,NC000600,No,0,0,0,N/A,N/A,N/A,N/A,N/A,N/A,N/A,N/A,N/A,N/A,N/A,N/A,N/A,N/A,N/A,N/A,N/A,N/A,N/A,N/A,N/A,N/A,N/A,N/A,Confirmado,N/A,N/A,N/A,2894428,81608,N/A,N/A,N/A,N/A,002-P003,Hot cakes que se ven deliciosos,Mayo,5,N/A,N/A,N/A,N/A,N/A,N/A,N/A,N/A,N/A,N/A
RN,"Carnation, La Lechera",FamilyKids,Hotcakes,002-P008,Purchase,E-P4,V4,N/A,Email,Follow Up,one-shot,2026-05-23,2026-05-23,2026-05,2026-05-Q2,2026-05-Q2,1,2026-05,1,2026-05-Q2:11033,2026-05:11033,1,dia,SFMC · min(SendDay),1,datorama,N/A · email,11033,J_AO-RECETAS-NESTLÉ-NC000600_1_IBS_MULT_MULT_MLT_MLTS_MX_ES_HOTCAKES_AC_EM_FUP_A_V4_2894428,J_AO-RECETAS-NESTLÉ-NC000600_1_IBS_MULT_MULT_MLT_MLTS_MX_ES_HOTCAKES_AC_EM_FUP_A_V4_2894428,1,NC000600,No,0,0,0,N/A,N/A,N/A,N/A,N/A,N/A,N/A,N/A,N/A,N/A,N/A,N/A,N/A,N/A,N/A,N/A,N/A,N/A,N/A,N/A,N/A,N/A,N/A,N/A,Confirmado,N/A,N/A,N/A,2894428,81610,N/A,N/A,N/A,N/A,002-P004,Mini hot cakes para alegrar la mañana,Mayo,5,N/A,N/A,N/A,N/A,N/A,N/A,N/A,N/A,N/A,N/A
RN,"Carnation, La Lechera",Saludables,Hotcakes,002-P009,Loyalty,E-L1,EL1,N/A,Email,Principal,one-shot,2026-05-27,2026-05-27,2026-05,2026-05-Q2,2026-05-Q2,1,2026-05,1,2026-05-Q2:3192,2026-05:3192,1,dia,SFMC · min(SendDay),1,datorama,N/A · email,3192,J_AO-RECETAS-NESTLÉ-NC000600_1_IBS_MULT_MULT_MLT_MLTS_MX_ES_HOTCAKES-EL1-SALUDABLE_CN_EM_A_V1_890132,J_AO-RECETAS-NESTLÉ-NC000600_1_IBS_MULT_MULT_MLT_MLTS_MX_ES_HOTCAKES-EL1-SALUDABLE_CN_EM_A_V1_890132,1,NC000600,No,0,0,0,N/A,N/A,N/A,N/A,N/A,N/A,N/A,N/A,N/A,N/A,N/A,N/A,N/A,N/A,N/A,N/A,N/A,N/A,N/A,N/A,N/A,N/A,N/A,N/A,Confirmado,N/A,N/A,N/A,890132,81587,N/A,N/A,N/A,N/A,N/A,Comparte tu receta saludable,Mayo,5,N/A,N/A,N/A,N/A,N/A,N/A,N/A,N/A,N/A,N/A
RN,"Carnation, La Lechera",Prácticos,Hotcakes,002-P010,Loyalty,E-L2,EL2,N/A,Email,Principal,one-shot,2026-05-27,2026-05-27,2026-05,2026-05-Q2,2026-05-Q2,1,2026-05,1,2026-05-Q2:3060,2026-05:3060,1,dia,SFMC · min(SendDay),1,datorama,N/A · email,3060,J_AO-RECETAS-NESTLÉ-NC000600_1_IBS_MULT_MULT_MLT_MLTS_MX_ES_HOTCAKES-EL2-PRACTICOS_CN_EM_A_V1_890132,J_AO-RECETAS-NESTLÉ-NC000600_1_IBS_MULT_MULT_MLT_MLTS_MX_ES_HOTCAKES-EL2-PRACTICOS_CN_EM_A_V1_890132,1,NC000600,No,0,0,0,N/A,N/A,N/A,N/A,N/A,N/A,N/A,N/A,N/A,N/A,N/A,N/A,N/A,N/A,N/A,N/A,N/A,N/A,N/A,N/A,N/A,N/A,N/A,N/A,Confirmado,N/A,N/A,N/A,890132,81593,N/A,N/A,N/A,N/A,N/A,¿Cómo resuelves tus hot cakes del día?,Mayo,5,N/A,N/A,N/A,N/A,N/A,N/A,N/A,N/A,N/A,N/A
RN,"Carnation, La Lechera",Indulgentes,Hotcakes,002-P011,Loyalty,E-L3,EL3,N/A,Email,Principal,one-shot,2026-05-27,2026-05-27,2026-05,2026-05-Q2,2026-05-Q2,1,2026-05,1,2026-05-Q2:5732,2026-05:5732,1,dia,SFMC · min(SendDay),1,datorama,N/A · email,5732,J_AO-RECETAS-NESTLÉ-NC000600_1_IBS_MULT_MULT_MLT_MLTS_MX_ES_HOTCAKES-EL3-INDULG_CN_EM_A_V1_890132,J_AO-RECETAS-NESTLÉ-NC000600_1_IBS_MULT_MULT_MLT_MLTS_MX_ES_HOTCAKES-EL3-INDULG_CN_EM_A_V1_890132,1,NC000600,No,0,0,0,N/A,N/A,N/A,N/A,N/A,N/A,N/A,N/A,N/A,N/A,N/A,N/A,N/A,N/A,N/A,N/A,N/A,N/A,N/A,N/A,N/A,N/A,N/A,N/A,Confirmado,N/A,N/A,N/A,890132,81596,N/A,N/A,N/A,N/A,N/A,Ese antojo esponjoso tuyo inspira,Mayo,5,N/A,N/A,N/A,N/A,N/A,N/A,N/A,N/A,N/A,N/A
RN,"Carnation, La Lechera",FamilyKids,Hotcakes,002-P012,Loyalty,E-L4,EL4,N/A,Email,Principal,one-shot,2026-05-27,2026-05-27,2026-05,2026-05-Q2,2026-05-Q2,1,2026-05,1,2026-05-Q2:3545,2026-05:3545,1,dia,SFMC · min(SendDay),1,datorama,N/A · email,3545,J_AO-RECETAS-NESTLÉ-NC000600_1_IBS_MULT_MULT_MLT_MLTS_MX_ES_HOTCAKES-EL4-FAMILYKID_CN_EM_A_V1_890132,J_AO-RECETAS-NESTLÉ-NC000600_1_IBS_MULT_MULT_MLT_MLTS_MX_ES_HOTCAKES-EL4-FAMILYKID_CN_EM_A_V1_890132,1,NC000600,No,0,0,0,N/A,N/A,N/A,N/A,N/A,N/A,N/A,N/A,N/A,N/A,N/A,N/A,N/A,N/A,N/A,N/A,N/A,N/A,N/A,N/A,N/A,N/A,N/A,N/A,Confirmado,N/A,N/A,N/A,890132,81597,N/A,N/A,N/A,N/A,N/A,Tu mejor momento hot cake en familia es inspirador,Mayo,5,N/A,N/A,N/A,N/A,N/A,N/A,N/A,N/A,N/A,N/A
RN,"Carnation, La Lechera",Saludables,Hotcakes,002-P013,Loyalty,E-L1,EL1,N/A,Email,Follow Up,one-shot,2026-05-30,2026-05-30,2026-05,2026-05-Q2,2026-05-Q2,1,2026-05,1,2026-05-Q2:822,2026-05:822,1,dia,SFMC · min(SendDay),1,datorama,N/A · email,822,J_AO-RECETAS-NESTLÉ-NC000600_1_IBS_MULT_MULT_MLT_MLTS_MX_ES_HOTCAKES-EL1-FUP_CN_EM_A_V1_890132,J_AO-RECETAS-NESTLÉ-NC000600_1_IBS_MULT_MULT_MLT_MLTS_MX_ES_HOTCAKES-EL1-FUP_CN_EM_A_V1_890132,1,NC000600,No,0,0,0,N/A,N/A,N/A,N/A,N/A,N/A,N/A,N/A,N/A,N/A,N/A,N/A,N/A,N/A,N/A,N/A,N/A,N/A,N/A,N/A,N/A,N/A,N/A,N/A,Confirmado,N/A,N/A,N/A,890132,81655,N/A,N/A,N/A,N/A,002-P009,Comparte tu receta saludable,Mayo,5,N/A,N/A,N/A,N/A,N/A,N/A,N/A,N/A,N/A,N/A
RN,"Carnation, La Lechera",Prácticos,Hotcakes,002-P014,Loyalty,E-L2,EL2,N/A,Email,Follow Up,one-shot,2026-05-30,2026-05-30,2026-05,2026-05-Q2,2026-05-Q2,1,2026-05,1,2026-05-Q2:847,2026-05:847,1,dia,SFMC · min(SendDay),1,datorama,N/A · email,847,J_AO-RECETAS-NESTLÉ-NC000600_1_IBS_MULT_MULT_MLT_MLTS_MX_ES_HOTCAKES-EL2-FUP_CN_EM_A_V1_890132,J_AO-RECETAS-NESTLÉ-NC000600_1_IBS_MULT_MULT_MLT_MLTS_MX_ES_HOTCAKES-EL2-FUP_CN_EM_A_V1_890132,1,NC000600,No,0,0,0,N/A,N/A,N/A,N/A,N/A,N/A,N/A,N/A,N/A,N/A,N/A,N/A,N/A,N/A,N/A,N/A,N/A,N/A,N/A,N/A,N/A,N/A,N/A,N/A,Confirmado,N/A,N/A,N/A,890132,81656,N/A,N/A,N/A,N/A,002-P010,¿Cómo resuelves tus hot cakes del día?,Mayo,5,N/A,N/A,N/A,N/A,N/A,N/A,N/A,N/A,N/A,N/A
RN,"Carnation, La Lechera",Indulgentes,Hotcakes,002-P015,Loyalty,E-L3,EL3,N/A,Email,Follow Up,one-shot,2026-05-30,2026-05-30,2026-05,2026-05-Q2,2026-05-Q2,1,2026-05,1,2026-05-Q2:1353,2026-05:1353,1,dia,SFMC · min(SendDay),1,datorama,N/A · email,1353,J_AO-RECETAS-NESTLÉ-NC000600_1_IBS_MULT_MULT_MLT_MLTS_MX_ES_HOTCAKES-EL3-FUP_CN_EM_A_V1_890132,J_AO-RECETAS-NESTLÉ-NC000600_1_IBS_MULT_MULT_MLT_MLTS_MX_ES_HOTCAKES-EL3-FUP_CN_EM_A_V1_890132,1,NC000600,No,0,0,0,N/A,N/A,N/A,N/A,N/A,N/A,N/A,N/A,N/A,N/A,N/A,N/A,N/A,N/A,N/A,N/A,N/A,N/A,N/A,N/A,N/A,N/A,N/A,N/A,Confirmado,N/A,N/A,N/A,890132,81657,N/A,N/A,N/A,N/A,002-P011,Ese antojo esponjoso tuyo inspira,Mayo,5,N/A,N/A,N/A,N/A,N/A,N/A,N/A,N/A,N/A,N/A
RN,"Carnation, La Lechera",FamilyKids,Hotcakes,002-P016,Loyalty,E-L4,EL4,N/A,Email,Follow Up,one-shot,2026-05-30,2026-05-30,2026-05,2026-05-Q2,2026-05-Q2,1,2026-05,1,2026-05-Q2:1111,2026-05:1111,1,dia,SFMC · min(SendDay),1,datorama,N/A · email,1111,J_AO-RECETAS-NESTLÉ-NC000600_1_IBS_MULT_MULT_MLT_MLTS_MX_ES_HOTCAKES-EL4-FUP_CN_EM_A_V1_890132,J_AO-RECETAS-NESTLÉ-NC000600_1_IBS_MULT_MULT_MLT_MLTS_MX_ES_HOTCAKES-EL4-FUP_CN_EM_A_V1_890132,1,NC000600,No,0,0,0,N/A,N/A,N/A,N/A,N/A,N/A,N/A,N/A,N/A,N/A,N/A,N/A,N/A,N/A,N/A,N/A,N/A,N/A,N/A,N/A,N/A,N/A,N/A,N/A,Confirmado,N/A,N/A,N/A,890132,81658,N/A,N/A,N/A,N/A,002-P012,Tu mejor momento hot cake en familia es inpirador,Mayo,5,N/A,N/A,N/A,N/A,N/A,N/A,N/A,N/A,N/A,N/A
RN,"Carnation, La Lechera",Interés Salado,Hotcakes,002-P017,Inspiration,E-I2,TP2,N/A,Email,Principal,always-on,2026-04-17,2026-05-05,2026-04,2026-04-Q2,2026-04-Q2 ; 2026-05-Q1,2,2026-04 ; 2026-05,2,2026-04-Q2:14972 ; 2026-05-Q1:39,2026-04:14972 ; 2026-05:39,19,dia,SFMC · min(SendDay),19,datorama,N/A · email,15011,J_AO-RECETAS-NESTLÉ-NC000600_1_IBS_MULT_MULT_MLT_MLTS_MX_ES_HOTCAKES-INSP-TP2_AC_EM_A_V1_852761,J_AO-RECETAS-NESTLÉ-NC000600_1_IBS_MULT_MULT_MLT_MLTS_MX_ES_HOTCAKES-INSP-TP2_AC_EM_A_V1_852761,1,NC000600,Sí,2,166,237,Hot cakes capuchino,https://www.recetasnestle.com.mx/recetas/desayunos-hot-cakes-capuchino-facil,VbE5Jnb4,120,N/A,0,Hot cakes de chocolate para desayunar,https://www.recetasnestle.com.mx/recetas/desayunos-hot-cakes-chocolate,bd2KESe4,46,N/A,0,N/A,N/A,N/A,N/A,N/A,N/A,N/A,N/A,N/A,N/A,N/A,N/A,Confirmado,Qcart-Links Mails-Hive- MX.xlsx · Abril · f12,N/A,N/A,852761,80559,N/A,N/A,2026-04-14,2026-04-14  [2 código(s)],N/A,Llena de sabor tu ritual mañanero,Abril,4,N/A,N/A,N/A,N/A,N/A,N/A,"bd2KESe4, VbE5Jnb4",N/A,N/A,N/A
RN,"Carnation, La Lechera",Interés Salado,Hotcakes,002-P018,Inspiration,E-I2,TP2,N/A,Email,Follow Up,always-on,2026-04-20,2026-05-08,2026-04,2026-04-Q2,2026-04-Q2 ; 2026-05-Q1,2,2026-04 ; 2026-05,2,2026-04-Q2:3829 ; 2026-05-Q1:35,2026-04:3829 ; 2026-05:35,19,dia,SFMC · min(SendDay),19,datorama,N/A · email,3864,J_AO-RECETAS-NESTLÉ-NC000600_1_IBS_MULT_MULT_MLT_MLTS_MX_ES_FUP-HOTCAKES-INSP-TP2_AC_EM_A_V1_852761,J_AO-RECETAS-NESTLÉ-NC000600_1_IBS_MULT_MULT_MLT_MLTS_MX_ES_FUP-HOTCAKES-INSP-TP2_AC_EM_A_V1_852761,1,NC000600,No,0,0,0,N/A,N/A,N/A,N/A,N/A,N/A,N/A,N/A,N/A,N/A,N/A,N/A,N/A,N/A,N/A,N/A,N/A,N/A,N/A,N/A,N/A,N/A,N/A,N/A,Confirmado,N/A,N/A,N/A,852761,80590,N/A,N/A,N/A,N/A,002-P017,Hot cakes que te inspiran hoy,Abril,4,N/A,N/A,N/A,N/A,N/A,N/A,N/A,N/A,N/A,N/A
RN,"Carnation, La Lechera",Interés Salado,Hotcakes,002-P019,Inspiration,E-I1,TP1,N/A,Email,Principal,always-on,2026-04-14,2026-04-29,2026-04,2026-04-Q1,2026-04-Q1 ; 2026-04-Q2,2,2026-04,1,2026-04-Q1:108479 ; 2026-04-Q2:2536,2026-04:111015,16,dia,SFMC · min(SendDay),16,datorama,N/A · email,111015,J_AO-RECETAS-NESTLÉ-NC000600_1_IBS_MULT_MULT_MLT_MLTS_MX_ES_HOTCAKES-INSP-TP1_AC_EM_A_V1_852761,J_AO-RECETAS-NESTLÉ-NC000600_1_IBS_MULT_MULT_MLT_MLTS_MX_ES_HOTCAKES-INSP-TP1_AC_EM_A_V1_852761,1,NC000600,Sí,2,85,102,Hot cakes esponjosos,https://www.recetasnestle.com.mx/recetas/hot-cakes-esponjosos,0varyzKZ,58,N/A,0,Hotcakes de Cocoa con Avena,https://www.recetasnestle.com.mx/recetas/hot-cakes-de-cocoa-con-avena,a4NBepmo,27,N/A,0,N/A,N/A,N/A,N/A,N/A,N/A,N/A,N/A,N/A,N/A,N/A,N/A,Confirmado,Qcart-Links Mails-Hive- MX.xlsx · Abril · f9,N/A,N/A,852761,80558,N/A,N/A,2026-04-14,2026-04-14  [2 código(s)],N/A,El ritual para unos hot cakes esponjosos,Abril,4,N/A,N/A,N/A,N/A,N/A,N/A,"0varyzKZ, a4NBepmo",N/A,N/A,N/A
RN,"Carnation, La Lechera",Interés Salado,Hotcakes,002-P020,Inspiration,E-I1,TP1,N/A,Email,Follow Up,always-on,2026-04-17,2026-05-02,2026-04,2026-04-Q2,2026-04-Q2 ; 2026-05-Q1,2,2026-04 ; 2026-05,2,2026-04-Q2:97457 ; 2026-05-Q1:234,2026-04:97457 ; 2026-05:234,16,dia,SFMC · min(SendDay),16,datorama,N/A · email,97691,J_AO-RECETAS-NESTLÉ-NC000600_1_IBS_MULT_MULT_MLT_MLTS_MX_ES_FUP-HOTCAKES-INSP-TP1_AC_EM_A_V1_852761,J_AO-RECETAS-NESTLÉ-NC000600_1_IBS_MULT_MULT_MLT_MLTS_MX_ES_FUP-HOTCAKES-INSP-TP1_AC_EM_A_V1_852761,1,NC000600,No,0,0,0,N/A,N/A,N/A,N/A,N/A,N/A,N/A,N/A,N/A,N/A,N/A,N/A,N/A,N/A,N/A,N/A,N/A,N/A,N/A,N/A,N/A,N/A,N/A,N/A,Confirmado,N/A,N/A,N/A,852761,80589,N/A,N/A,N/A,N/A,002-P019,Dos rituales de hotcakes para inspirarte,Abril,4,N/A,N/A,N/A,N/A,N/A,N/A,N/A,N/A,N/A,N/A
RN,Maggi,Botana,Mundial,004-P001,Purchase,E-P1,Partido 1,N/A,Email,Principal,one-shot,2026-06-10,2026-06-10,2026-06,2026-06-Q1,2026-06-Q1,1,2026-06,1,2026-06-Q1:75679,2026-06:75679,1,dia,SFMC · min(SendDay),1,datorama,N/A · email,75679,O_Maggi-Seleccion-NC006537_1_IBS_FOOD_MAGG_MGG_AMPZ_MX_ES_BOTANA_CN_EM_A_V1_938607,O_Maggi-Seleccion-NC006537_1_IBS_FOOD_MAGG_MGG_AMPZ_MX_ES_BOTANA_CN_EM_A_V1_938607,1,NC006537,Sí,1,11,14,Papas Antojo Supremo,"160 g Papas SABRITAS® RECETA CRUJIENTE® FLAMIN HOT®  
4 piezas de salchicha de pavo
½ taza de piña
½ taza de mango
2 piezas de chile jalapeño
1 naranja
1 ½ limones
5 gotas de Jugo sazonador MAGGI®  
2 cucharadas de miel de abeja  
½ taza de tocino
¼ taza de cebolla morada",cartanywhere ; tJEICO87 ; Z8W0ZouI,11,Y8umAAnA,0,N/A,N/A,N/A,N/A,N/A,N/A,N/A,N/A,N/A,N/A,N/A,N/A,N/A,N/A,N/A,N/A,N/A,N/A,Confirmado,Qcart-Links Mails-Hive- MX.xlsx · Junio · f5,N/A,N/A,938607,82588,N/A,N/A,2026-06-10,2026-06-10  [2 código(s)],N/A,"Inauguración, emoción y la mejor botana",Junio,6,N/A,N/A,N/A,N/A,N/A,N/A,"tJEICO87, Z8W0ZouI",N/A,N/A,N/A
RN,Maggi,Modern Cooking,Mundial,004-P002,Purchase,E-P1,Partido 1,N/A,Email,Principal,one-shot,2026-06-10,2026-06-10,2026-06,2026-06-Q1,2026-06-Q1,1,2026-06,1,2026-06-Q1:133898,2026-06:133898,1,dia,SFMC · min(SendDay),1,datorama,N/A · email,133898,O_Maggi-Seleccion-NC006537_1_IBS_FOOD_MAGG_MGG_AMPZ_MX_ES_MODERN-COOKING_CN_EM_A_V1_938607,O_Maggi-Seleccion-NC006537_1_IBS_FOOD_MAGG_MGG_AMPZ_MX_ES_MODERN-COOKING_CN_EM_A_V1_938607,1,NC006537,Sí,1,26,0,Alitas Agridulces,"6 chiles guajillo,
1 taza de agua
1/4 taza de sazonador Jugo MAGGI®
1 cucharada de ajo
6 cucharadas de vinagre blanco
1/4 taza de azúcar mascabado
1/4 taza de aceite vegetal
1/4 cucharada de jengibre en polvo
1 kg de alitas de pollo",cCFb2xEx,0,hWaJfDxS,26,N/A,N/A,N/A,N/A,N/A,N/A,N/A,N/A,N/A,N/A,N/A,N/A,N/A,N/A,N/A,N/A,N/A,N/A,Confirmado,Qcart-Links Mails-Hive- MX.xlsx · Junio · f9,N/A,N/A,938607,82608,N/A,N/A,2026-06-10,2026-06-10  [1 código(s)],N/A,Las alitas favoritas para la inauguración,Junio,6,N/A,N/A,N/A,N/A,N/A,N/A,hWaJfDxS,N/A,N/A,N/A
RN,Maggi,Bebidas,Mundial,004-P003,Purchase,E-P1,Partido 1,N/A,Email,Principal,one-shot,2026-06-11,2026-06-11,2026-06,2026-06-Q1,2026-06-Q1,1,2026-06,1,2026-06-Q1:14138,2026-06:14138,1,dia,SFMC · min(SendDay),1,datorama,N/A · email,14138,O_Maggi-Seleccion-NC006537_1_IBS_FOOD_MAGG_MGG_AMPZ_MX_ES_BEBIDAS_CN_EM_A_V1_938607,O_Maggi-Seleccion-NC006537_1_IBS_FOOD_MAGG_MGG_AMPZ_MX_ES_BEBIDAS_CN_EM_A_V1_938607,1,NC006537,Sí,1,64,78,Piñarindo,"1/2 taza de concentrado de tamarindo
2 cucharadas de MAGGI® Miche
2 tazas de agua mineral
1 taza de piña miel
2 tazas de hielo
2 paletas de tamarindo
2 triángulos de piña",rr0VvKTb ; dHfqmS7n,64,w5r9LWOP,0,N/A,N/A,N/A,N/A,N/A,N/A,N/A,N/A,N/A,N/A,N/A,N/A,N/A,N/A,N/A,N/A,N/A,N/A,Confirmado,Qcart-Links Mails-Hive- MX.xlsx · Junio · f7,N/A,N/A,938607,82598,N/A,N/A,2026-06-10,2026-06-10  [2 código(s)],N/A,La michelada estelar para la gran inauguración,Junio,6,N/A,N/A,N/A,N/A,N/A,N/A,"rr0VvKTb, dHfqmS7n",N/A,N/A,N/A
RN,Maggi,Bebidas,Mundial,004-P004,Purchase,E-P2,Partido 2,N/A,Email,Principal,one-shot,2026-06-17,2026-06-17,2026-06,2026-06-Q2,2026-06-Q2,1,2026-06,1,2026-06-Q2:14117,2026-06:14117,1,dia,SFMC · min(SendDay),1,datorama,N/A · email,14117,GomichelaO_Maggi-Seleccion-NC006537_1_IBS_FOOD_MAGG_MGG_AMPZ_MX_ES_BEBIDAS_CN_EM_A_V1_948858,O_Maggi-Seleccion-NC006537_1_IBS_FOOD_MAGG_MGG_AMPZ_MX_ES_BEBIDAS_CN_EM_A_V1_948858,1,NC006537,Sí,2,4,1,Gomichela,"INGREDIENTES
3 ½ tazas de cóctel de tomate y almeja, frío
8 cucharadas de MAGGI® Miche
3 cucharadas de chamoy, líquido
2 cucharadas de concentrado de tamarindo
4 tazas de cerveza clara, SIN ALCOHOL y fría
3 limones, su jugo
2 palitos para brocheta, largos
½ taza de gomitas ácidas
½ taza de gomitas en tiras
½ taza de gomitas en forma de oso",3QfdZN2Q,3,N/A,0,Gomichela,Misma receta,N/A,1,SN2YWvgo,0,N/A,"INGREDIENTES
500        g de carne de res, molida
1        cucharada de Jugo MAGGI® 
1        huevo 
3        cucharadas de pan molido
2        ramas de perejil
200        g de queso tipo manchego, rallado
4        cucharadas de mayonesa
4        bollos para hamburguesa, calientes 
8        rebanadas de tocino, frito
4        hojas de lechuga italiana, desinfectada
8        aros de cebolla, fritos y calientes
¼        taza de rajas de chile en vinagre",N/A,0,N/A,0,N/A,N/A,N/A,N/A,N/A,N/A,Confirmado,Qcart-Links Mails-Hive- MX.xlsx · Junio · f11,N/A,N/A,948858,82982,N/A,N/A,2026-06-10,2026-06-10 · 2026-06-17  [5 código(s)],N/A,Ponle MAGGI ® Miche al grito de  GOOOOL ⚽,Junio,6,N/A,N/A,N/A,N/A,N/A,N/A,"3QfdZN2Q, SN2YWvgo",N/A,N/A,N/A
RN,Maggi,Botana,Mundial,004-P005,Purchase,E-P2,Partido 2,N/A,Email,Principal,one-shot,2026-06-17,2026-06-17,2026-06,2026-06-Q2,2026-06-Q2,1,2026-06,1,2026-06-Q2:75518,2026-06:75518,1,dia,SFMC · min(SendDay),1,datorama,N/A · email,75518,O_Maggi-Seleccion-NC006537_1_IBS_FOOD_MAGG_MGG_AMPZ_MX_ES_BOTANAS_CN_EM_A_V1_948858,O_Maggi-Seleccion-NC006537_1_IBS_FOOD_MAGG_MGG_AMPZ_MX_ES_BOTANAS_CN_EM_A_V1_948858,1,NC006537,Sí,1,4,3,Vaso Botanero,"INGREDIENTES
5        cucharadas de Jugo MAGGI® 
4        cucharadas de chamoy, líquido
2        limones, su jugo
1        cucharadas de chile con limón, en polvo
1 ½        tazas de jugo de tomate con almeja
1        tazas de mango, cortado en cubos
1        tazas de pepino
1        tazas de cacahuates estilo japones
1        bolsa de papas fritas (160 g)",HcDJTsRH ; rueO2xbY,4,N/A,0,N/A,N/A,N/A,N/A,N/A,N/A,N/A,N/A,N/A,N/A,N/A,N/A,N/A,N/A,N/A,N/A,N/A,N/A,Confirmado,Qcart-Links Mails-Hive- MX.xlsx · Junio · f13,N/A,N/A,948858,82997,N/A,N/A,2026-06-17,2026-06-17  [2 código(s)],N/A,El partido sabe aún mejor con esta botana y MAGGI ®,Junio,6,N/A,N/A,N/A,N/A,N/A,N/A,"HcDJTsRH, rueO2xbY",N/A,N/A,N/A
RN,Maggi,Bebidas,Mundial,004-P006,Purchase,E-P3,Partido 3,N/A,Email,Principal,one-shot,2026-06-24,2026-06-24,2026-06,2026-06-Q2,2026-06-Q2,1,2026-06,1,2026-06-Q2:14106,2026-06:14106,1,dia,SFMC · min(SendDay),1,datorama,N/A · email,14106,O_Maggi-Seleccion-NC006537_1_IBS_FOOD_MAGG_MGG_AMPZ_MX_ES_3ER-PARTIDO-BEBIDA_EN_EM_A_V1_961546,O_Maggi-Seleccion-NC006537_1_IBS_FOOD_MAGG_MGG_AMPZ_MX_ES_3ER-PARTIDO-BEBIDA_EN_EM_A_V1_961546,1,NC006537,Sí,1,0,0,Chelada Norteña,"¼ taza de jugo de limón
½ cucharada de salsa picante con chile Tabasco
4 cucharadas de MAGGI® Miche
1 cucharadita de sal
¼ cucharadita de pimienta negra, molida
¾ taza de cóctel de tomate y almeja, frío
½ taza de hielo
2 tazas de cerveza clara, SIN ALCOHOL y fría
1 taza de carne, seca
2 bastones de apio, desinfectados
2 rodajas de limón",vk67sh2J,0,N/A,0,N/A,N/A,N/A,N/A,N/A,N/A,N/A,N/A,N/A,N/A,N/A,N/A,N/A,N/A,N/A,N/A,N/A,N/A,Confirmado,Qcart-Links Mails-Hive- MX.xlsx · Junio · f26,N/A,N/A,961546,83254,N/A,N/A,PENDIENTE,PENDIENTE,N/A,Échale 5 y lleva el sabor norteño hasta la cancha 🤠,Junio,6,N/A,N/A,N/A,N/A,N/A,N/A,vk67sh2J,N/A,N/A,N/A
RN,Maggi,Modern Cooking,Mundial,004-P007,Purchase,E-P3,Partido 3,N/A,Email,Principal,one-shot,2026-06-24,2026-06-24,2026-06,2026-06-Q2,2026-06-Q2,1,2026-06,1,2026-06-Q2:133511,2026-06:133511,1,dia,SFMC · min(SendDay),1,datorama,N/A · email,133511,O_Maggi-Seleccion-NC006537_1_IBS_FOOD_MAGG_MGG_AMPZ_MX_ES_3ER-PARTIDO-COOKING_EN_EM_A_V1_961546,O_Maggi-Seleccion-NC006537_1_IBS_FOOD_MAGG_MGG_AMPZ_MX_ES_3ER-PARTIDO-COOKING_EN_EM_A_V1_961546,1,NC006537,Sí,1,0,0,Hot Dog Sonorense,"2 salchichas
50 g de queso tipo manchego, cortado en tiras
2 tiras de tocino
1 cucharada de aceite vegetal
½ cebolla fileteada
1 cucharada de Jugo MAGGI®
1 ½ cucharadas de Salsa Tipo Inglesa MAGGI®
2 cucharadas de mayonesa
2 piezas de pan para hot dog, calientes
¼ taza de guacamole
½ taza de papas fritas",YJOatjQs,0,N/A,0,N/A,N/A,N/A,N/A,N/A,N/A,N/A,N/A,N/A,N/A,N/A,N/A,N/A,N/A,N/A,N/A,N/A,N/A,Confirmado,Qcart-Links Mails-Hive- MX.xlsx · Junio · f28,N/A,N/A,961546,83256,N/A,N/A,PENDIENTE,PENDIENTE,N/A,El doggo que juega de titular con MAGGI®,Junio,6,N/A,N/A,N/A,N/A,N/A,N/A,YJOatjQs,N/A,N/A,N/A
RN,Maggi,Botana,Mundial,004-P008,Purchase,E-P3,Partido 3,N/A,Email,Principal,one-shot,2026-06-24,2026-06-24,2026-06,2026-06-Q2,2026-06-Q2,1,2026-06,1,2026-06-Q2:75427,2026-06:75427,1,dia,SFMC · min(SendDay),1,datorama,N/A · email,75427,O_Maggi-Seleccion-NC006537_1_IBS_FOOD_MAGG_MGG_AMPZ_MX_ES_3ER-PARTIDO-BOTANA_EN_EM_A_V1_961546,O_Maggi-Seleccion-NC006537_1_IBS_FOOD_MAGG_MGG_AMPZ_MX_ES_3ER-PARTIDO-BOTANA_EN_EM_A_V1_961546,1,NC006537,Sí,1,0,0,Papas Locas,"1 bolsa de Papas SABRITAS® RECETA CRUJIENTE® Jalapeño (80 g)
1 bolsa de Papas SABRITAS® RECETA CRUJIENTE® Sal (80 g)
½ taza de zanahoria rallada
½ taza de pepino, cortado en bastones
½ taza de cacahuates japoneses
½ taza de jícama, cortada en cubos
5 gotas de Jugo MAGGI®
½ taza de cacahuates con sal
2 cucharadas de chamoy en polvo
4 cucharadas de salsa picante
3 cucharadas de chile en polvo con limón
2 limones, su jugo
4 cucharadas de chamoy líquido
½ taza de gomitas enchiladas",xka2NWrW,0,N/A,0,N/A,N/A,N/A,N/A,N/A,N/A,N/A,N/A,N/A,N/A,N/A,N/A,N/A,N/A,N/A,N/A,N/A,N/A,Confirmado,Qcart-Links Mails-Hive- MX.xlsx · Junio · f27,N/A,N/A,961546,83255,N/A,N/A,PENDIENTE,PENDIENTE,N/A,"Crujientes, picositas y con el toque especial de MAGGI®",Junio,6,N/A,N/A,N/A,N/A,N/A,N/A,xka2NWrW,N/A,N/A,N/A
Nescafé,Clásico,Futboleros,Tercer Tiempo,008-P001,Purchase,E-P1,V1,N/A,Email,Principal,one-shot,2026-06-19,2026-06-19,2026-06,2026-06-Q2,2026-06-Q2,1,2026-06,1,2026-06-Q2:316037,2026-06:316037,1,dia,SFMC · min(SendDay),1,datorama,N/A · email,316037,O_Welcome-NC007067_1_IBS_FOOD_NEST_L60_ANMW_MX_ES_NA_CN_EM_A_V1_948950,O_Welcome-NC007067_1_IBS_FOOD_NEST_L60_ANMW_MX_ES_NA_CN_EM_A_V1_948950,1,NC007067,No,0,0,0,N/A,N/A,N/A,N/A,N/A,N/A,N/A,N/A,N/A,N/A,N/A,N/A,N/A,N/A,N/A,N/A,N/A,N/A,N/A,N/A,N/A,N/A,N/A,N/A,Confirmado,N/A,N/A,N/A,948950,83104,N/A,N/A,N/A,N/A,N/A,Tu taza coleccionable NESCAFÉ® ya está aquí,Junio,6,N/A,N/A,N/A,N/A,N/A,N/A,N/A,N/A,N/A,N/A
Nescafé,Clásico,Futboleros,Tercer Tiempo,008-P002,Purchase,E-P1,V1,N/A,Email,Follow Up,one-shot,2026-06-23,2026-06-23,2026-06,2026-06-Q2,2026-06-Q2,1,2026-06,1,2026-06-Q2:203839,2026-06:203839,1,dia,SFMC · min(SendDay),1,datorama,N/A · email,203839,O_Welcome-NC007067_1_IBS_FOOD_NEST_L60_ANMW_MX_ES_NA_CN_EM_FUP_A_V1_948950,O_Welcome-NC007067_1_IBS_FOOD_NEST_L60_ANMW_MX_ES_NA_CN_EM_FUP_A_V1_948950,1,NC007067,No,0,0,0,N/A,N/A,N/A,N/A,N/A,N/A,N/A,N/A,N/A,N/A,N/A,N/A,N/A,N/A,N/A,N/A,N/A,N/A,N/A,N/A,N/A,N/A,N/A,N/A,Confirmado,N/A,N/A,N/A,948950,83126,N/A,N/A,N/A,N/A,008-P001,Edición limitada. Consíguela antes de que se acabe.,Junio,6,N/A,N/A,N/A,N/A,N/A,N/A,N/A,N/A,N/A,N/A
Nescafé,Clásico,Amazon,Tercer Tiempo,008-P003,Purchase,E-P1,V1,N/A,Email,Principal,one-shot,2026-06-26,2026-06-26,2026-06,2026-06-Q2,2026-06-Q2,1,2026-06,1,2026-06-Q2:467714,2026-06:467714,1,dia,SFMC · min(SendDay),1,datorama,N/A · email,467714,O_Welcome-NC007067_1_IBS_FOOD_NEST_L60_ANMW_MX_ES_NA_CN_EM_A_V1_amazon_2948954,O_Welcome-NC007067_1_IBS_FOOD_NEST_L60_ANMW_MX_ES_NA_CN_EM_A_V1_amazon_2948954,1,NC007067,No,0,0,0,N/A,N/A,N/A,N/A,N/A,N/A,N/A,N/A,N/A,N/A,N/A,N/A,N/A,N/A,N/A,N/A,N/A,N/A,N/A,N/A,N/A,N/A,N/A,N/A,Confirmado,N/A,N/A,N/A,2948954,83323,N/A,N/A,N/A,N/A,N/A,"Mientras haya NESCAFÉ®, el partido no termina.",Junio,6,N/A,N/A,N/A,N/A,N/A,N/A,N/A,N/A,N/A,N/A
Nescafé,Clásico,Amazon,Tercer Tiempo,008-P004,Purchase,E-P1,V1,N/A,Email,Follow Up,one-shot,2026-06-29,2026-06-29,2026-06,2026-06-Q2,2026-06-Q2,1,2026-06,1,2026-06-Q2:314029,2026-06:314029,1,dia,SFMC · min(SendDay),1,datorama,N/A · email,314029,O_Welcome-NC007067_1_IBS_FOOD_NEST_L60_ANMW_MX_ES_NA_CN_EM_FUP_A_V1_amazon_2948954,O_Welcome-NC007067_1_IBS_FOOD_NEST_L60_ANMW_MX_ES_NA_CN_EM_FUP_A_V1_amazon_2948954,1,NC007067,No,0,0,0,N/A,N/A,N/A,N/A,N/A,N/A,N/A,N/A,N/A,N/A,N/A,N/A,N/A,N/A,N/A,N/A,N/A,N/A,N/A,N/A,N/A,N/A,N/A,N/A,Confirmado,N/A,N/A,N/A,2948954,83372,N/A,N/A,N/A,N/A,008-P003,"Mientras haya NESCAFÉ®, el partido no termina.",Junio,6,N/A,N/A,N/A,N/A,N/A,N/A,N/A,N/A,N/A,N/A
RN,La Lechera,Combinado,Antojo Infinito,003-P001,Consider,E-C1,E-C1,"Career Focused, New Parents, Traditional Parents",Email,Principal,one-shot,2026-06-26,2026-06-26,2026-06,2026-06-Q2,2026-06-Q2,1,2026-06,1,2026-06-Q2:91378,2026-06:91378,1,dia,SFMC · min(SendDay),1,datorama,N/A · email,91378,J_Ponches-La-Lechera-NC007631_1_IBS_FOOD_NEST_LLE_ANXL_MX_ES_E-C1_CN_EM_A_V1_942069,J_Ponches-La-Lechera-NC007631_1_IBS_FOOD_NEST_LLE_ANXL_MX_ES_E-C1_CN_EM_A_V1_942069,1,NC007631,Sí,1,47,45,Carlota Ligera de Limón,https://www.recetasnestle.com.mx/recetas/carlota-ligera-limon,o41ObWyu ; PDy0MeF9,16,r0J2KBES ; PJrhl5GT,31,N/A,N/A,N/A,N/A,N/A,N/A,N/A,N/A,N/A,N/A,N/A,N/A,N/A,N/A,N/A,N/A,N/A,N/A,Confirmado,Qcart-Links Mails-Hive- MX.xlsx · Junio · f17,N/A,N/A,942069,82906,N/A,N/A,2026-06-26,2026-06-26  [4 código(s)],N/A,Hay antojos que se preparan con cariño y se disfrutan en todo momento,Junio,6,N/A,N/A,N/A,N/A,N/A,N/A,"o41ObWyu, PJrhl5GT",N/A,N/A,N/A
RN,La Lechera,Combinado,Antojo Infinito,003-P002,Consider,E-C1,E-C1,"Career Focused, New Parents, Traditional Parents",Email,Follow Up,one-shot,2026-06-29,2026-06-29,2026-06,2026-06-Q2,2026-06-Q2,1,2026-06,1,2026-06-Q2:62633,2026-06:62633,1,dia,SFMC · min(SendDay),1,datorama,N/A · email,62633,J_Ponches-La-Lechera-NC007631_1_IBS_FOOD_NEST_LLE_ANXL_MX_ES_FUP-E-C1_CN_EM_A_V1_942069,J_Ponches-La-Lechera-NC007631_1_IBS_FOOD_NEST_LLE_ANXL_MX_ES_FUP-E-C1_CN_EM_A_V1_942069,1,NC007631,No,0,0,0,N/A,N/A,N/A,N/A,N/A,N/A,N/A,N/A,N/A,N/A,N/A,N/A,N/A,N/A,N/A,N/A,N/A,N/A,N/A,N/A,N/A,N/A,N/A,N/A,Confirmado,N/A,N/A,N/A,942069,83123,N/A,N/A,N/A,N/A,003-P001,El cariño también se sirve en un antojo inesperado,Junio,6,N/A,N/A,N/A,N/A,N/A,N/A,N/A,N/A,N/A,N/A
Nescafé,Clásico,Walmart,Tercer Tiempo,008-P005,Purchase,E-P1,V1,N/A,Email,Follow Up,one-shot,2026-06-29,2026-06-29,2026-06,2026-06-Q2,2026-06-Q2,1,2026-06,1,2026-06-Q2:314661,2026-06:314661,1,dia,SFMC · min(SendDay),1,datorama,N/A · email,314661,O_Welcome-NC007067_1_IBS_FOOD_NEST_L60_ANMW_MX_ES_NA_CN_EM_FUP_A_V1_walmart_2948954,O_Welcome-NC007067_1_IBS_FOOD_NEST_L60_ANMW_MX_ES_NA_CN_EM_FUP_A_V1_walmart_2948954,1,NC007067,No,0,0,0,N/A,N/A,N/A,N/A,N/A,N/A,N/A,N/A,N/A,N/A,N/A,N/A,N/A,N/A,N/A,N/A,N/A,N/A,N/A,N/A,N/A,N/A,N/A,N/A,Confirmado,N/A,N/A,N/A,2948954,83373,N/A,N/A,N/A,N/A,008-P006,Después del partido un buen NESCAFÉ® para continuar la plática,Junio,6,N/A,N/A,N/A,N/A,N/A,N/A,N/A,N/A,N/A,N/A
Nescafé,Clásico,Walmart,Tercer Tiempo,008-P006,Purchase,E-P1,V1,N/A,Email,Principal,one-shot,2026-06-26,2026-06-26,2026-06,2026-06-Q2,2026-06-Q2,1,2026-06,1,2026-06-Q2:467660,2026-06:467660,1,dia,SFMC · min(SendDay),1,datorama,N/A · email,467660,O_Welcome-NC007067_1_IBS_FOOD_NEST_L60_ANMW_MX_ES_NA_CN_EM_A_V1_walmart_2948954,O_Welcome-NC007067_1_IBS_FOOD_NEST_L60_ANMW_MX_ES_NA_CN_EM_A_V1_walmart_2948954,1,NC007067,No,0,0,0,N/A,N/A,N/A,N/A,N/A,N/A,N/A,N/A,N/A,N/A,N/A,N/A,N/A,N/A,N/A,N/A,N/A,N/A,N/A,N/A,N/A,N/A,N/A,N/A,Confirmado,N/A,N/A,N/A,2948954,83352,N/A,N/A,N/A,N/A,N/A,Después del partido un buen NESCAFÉ® para continuar la plática,Junio,6,N/A,N/A,N/A,N/A,N/A,N/A,N/A,N/A,N/A,N/A
Purina,Pro Plan,Activos,Fuel for life,009-P001,Awareness,E-A1,TP1,N/A,Email,Principal,one-shot,2026-06-26,2026-06-26,2026-06,2026-06-Q2,2026-06-Q2,1,2026-06,1,2026-06-Q2:10557,2026-06:10557,1,dia,SFMC · min(SendDay),1,datorama,N/A · email,10557,O_Pro-Plan-Campaign-NC007886_1_IBS_PETC_PURI_PRP_AOJA_MX_ES_NA_EN_EM_A_V1_952340,O_Pro-Plan-Campaign-NC007886_1_IBS_PETC_PURI_PRP_AOJA_MX_ES_NA_EN_EM_A_V1_952340,1,NC007886,No,0,0,0,N/A,N/A,N/A,N/A,N/A,N/A,N/A,N/A,N/A,N/A,N/A,N/A,N/A,N/A,N/A,N/A,N/A,N/A,N/A,N/A,N/A,N/A,N/A,N/A,Confirmado,N/A,N/A,N/A,952340,83347,N/A,N/A,N/A,N/A,N/A,[Test]: Esta temporada muéstranos a la estrella de tu equipo 😸🐶⚽,Junio,6,N/A,N/A,N/A,N/A,N/A,N/A,N/A,N/A,N/A,N/A
Purina,Pro Plan,Pro Plan Aspiracionales,Fuel for life,009-P002,Enrichment,E-E3,TP3,N/A,Email,Principal,one-shot,2026-07-17,2026-07-17,2026-07,2026-07-Q2,2026-07-Q2,1,2026-07,1,2026-07-Q2:15984,2026-07:15984,3,dia,SFMC · min(SendDay),1,SFMC · sfmc_get_send_metrics jobId 1263916,N/A · email,15984,MX.Proplan.ATM_JB.User.Perros.Comunidad.CDP_Proplan_PA_E3B1.NA,MX.Proplan.ATM_JB.User.Perros.Comunidad.CDP_Proplan_PA_E3B1.NA,3,PENDIENTE,No,0,0,0,N/A,N/A,N/A,N/A,N/A,N/A,N/A,N/A,N/A,N/A,N/A,N/A,N/A,N/A,N/A,N/A,N/A,N/A,N/A,N/A,N/A,N/A,N/A,N/A,Confirmado,N/A,N/A,Perros,PA_E3B1,83765,N/A,Perros,N/A,N/A,N/A,¿Qué come %%=v(@PetName4HTML)=%%%%__SINGLE_RESOLVE%%? 🐶Cada etapa necesita su nutrición🚨,Julio,7,N/A,N/A,N/A,N/A,N/A,N/A,N/A,N/A,N/A,N/A
Purina,Pro Plan,Pro Plan Pet Parents,Fuel for life,009-P003,Enrichment,E-E3,TP3,N/A,Email,Principal,one-shot,2026-07-17,2026-07-17,2026-07,2026-07-Q2,2026-07-Q2,1,2026-07,1,2026-07-Q2:180,2026-07:180,3,dia,SFMC · min(SendDay),1,SFMC · sfmc_get_send_metrics jobId 1263906,N/A · email,180,MX.Proplan.ATM_JB.User.Mixto.Comunidad.CDP_Proplan_PP_E3A3_NA,MX.Proplan.ATM_JB.User.Mixto.Comunidad.CDP_Proplan_PP_E3A3_NA,3,PENDIENTE,No,0,0,0,N/A,N/A,N/A,N/A,N/A,N/A,N/A,N/A,N/A,N/A,N/A,N/A,N/A,N/A,N/A,N/A,N/A,N/A,N/A,N/A,N/A,N/A,N/A,N/A,Confirmado,N/A,N/A,Mixto,PP_E3A3,83764,N/A,Mixto,N/A,N/A,N/A,¿Hay un alimento pensado para cada mascota?¡Sí! Descúbrelo✨,Julio,7,N/A,N/A,N/A,N/A,N/A,N/A,N/A,N/A,N/A,N/A
Purina,Pro Plan,Pro Plan Educated Pet Owners,Fuel for life,009-P004,Enrichment,E-E3,TP3,N/A,Email,Principal,one-shot,2026-07-17,2026-07-17,2026-07,2026-07-Q2,2026-07-Q2,1,2026-07,1,2026-07-Q2:1101,2026-07:1101,3,dia,SFMC · min(SendDay),1,SFMC · sfmc_get_send_metrics jobId 1263923,N/A · email,1101,MX.Proplan.ATM_JB.User.Perros.Comunidad.CDP_Proplan_PO_E3C1.NA,MX.Proplan.ATM_JB.User.Perros.Comunidad.CDP_Proplan_PO_E3C1.NA,3,PENDIENTE,No,0,0,0,N/A,N/A,N/A,N/A,N/A,N/A,N/A,N/A,N/A,N/A,N/A,N/A,N/A,N/A,N/A,N/A,N/A,N/A,N/A,N/A,N/A,N/A,N/A,N/A,Confirmado,N/A,N/A,Perros,PO_E3C1,83768,N/A,Perros,N/A,N/A,N/A,"Novato, promesa o veterano del balón… cada etapa necesita su nutrición⚽🐶",Julio,7,N/A,N/A,N/A,N/A,N/A,N/A,N/A,N/A,N/A,N/A
RN,Maggi,Bebidas,Mundial,004-P009,Purchase,E-P4,Partido 4,N/A,Email,Principal,one-shot,2026-06-30,2026-06-30,2026-06,2026-06-Q2,2026-06-Q2,1,2026-06,1,2026-06-Q2:13457,2026-06:13457,1,dia,SFMC · min(SendDay),1,datorama,N/A · email,13457,O_Maggi-Seleccion-NC006537_1_IBS_FOOD_MAGG_MGG_AMPZ_MX_ES_4TO-PARTIDO-BEBIDAS_EN_EM_A_V1_972726,O_Maggi-Seleccion-NC006537_1_IBS_FOOD_MAGG_MGG_AMPZ_MX_ES_4TO-PARTIDO-BEBIDAS_EN_EM_A_V1_972726,1,NC006537,No,0,0,0,N/A,N/A,N/A,N/A,N/A,N/A,N/A,N/A,N/A,N/A,N/A,N/A,N/A,N/A,N/A,N/A,N/A,N/A,N/A,N/A,N/A,N/A,N/A,N/A,Confirmado,N/A,N/A,N/A,972726,83435,N/A,N/A,N/A,N/A,N/A,¡Échale 5 de MAGGI® Miche para que la Selección pase al quinto!,Junio,6,N/A,N/A,N/A,N/A,N/A,N/A,N/A,N/A,N/A,N/A
RN,Recetas Nestlé,Productive Adults,AON,001-P015,Purchase,E-P1,EP1,N/A,Email,Principal,always-on,2026-07-22,2026-09-03,2026-07,2026-07-Q2,2026-07-Q2 ; 2026-08-Q1 ; 2026-08-Q2 ; 2026-09-Q1,4,2026-07 ; 2026-08 ; 2026-09,3,2026-07-Q2:125354 ; 2026-08-Q1:1295 ; 2026-08-Q2:2870 ; 2026-09-Q1:358,2026-07:125354 ; 2026-08:4165 ; 2026-09:358,21,dia,SFMC · min(SendDay),44,datorama,N/A · email,129877,O_AO-RECETAS-NESTLÉ-NC000600_1_IBS_MULT_MULT_MLT_MLTS_MX_ES_JUN-AON-EP1_CN_EM_A_V1_982527,O_AO-RECETAS-NESTLÉ-NC000600_1_IBS_MULT_MULT_MLT_MLTS_MX_ES_JUN-AON-EP1_CN_EM_A_V1_982527,1,NC000600,Sí,1,0,0,Tinga de Pollo,https://www.recetasnestle.com.mx/recetas/comidas-tinga-pollo,PySVWRVY,0,N/A,0,N/A,N/A,N/A,N/A,N/A,N/A,N/A,N/A,N/A,N/A,N/A,N/A,N/A,N/A,N/A,N/A,N/A,N/A,Confirmado,Qcart-Links Mails-Hive- MX.xlsx · Julio · f5,N/A,N/A,982527,83810,N/A,N/A,2026-07-22,2026-07-22  [1 código(s)],N/A,"Tu tinga de hoy, lista en un click",Julio,7,N/A,N/A,N/A,N/A,N/A,N/A,PySVWRVY,N/A,N/A,N/A
RN,Recetas Nestlé,Productive Adults,AON,001-P016,Purchase,E-P1,EP1,N/A,Email,Follow Up,always-on,2026-07-25,2026-09-03,2026-07,2026-07-Q2,2026-07-Q2 ; 2026-08-Q1 ; 2026-08-Q2 ; 2026-09-Q1,4,2026-07 ; 2026-08 ; 2026-09,3,2026-07-Q2:78434 ; 2026-08-Q1:1091 ; 2026-08-Q2:1984 ; 2026-09-Q1:436,2026-07:78434 ; 2026-08:3075 ; 2026-09:436,18,dia,SFMC · min(SendDay),41,datorama,N/A · email,81945,O_AO-RECETAS-NESTLÉ-NC000600_1_IBS_MULT_MULT_MLT_MLTS_MX_ES_JUN-AON-EP1-FUP_CN_EM_A_V1_982527,O_AO-RECETAS-NESTLÉ-NC000600_1_IBS_MULT_MULT_MLT_MLTS_MX_ES_JUN-AON-EP1-FUP_CN_EM_A_V1_982527,1,NC000600,No,0,0,0,N/A,N/A,N/A,N/A,N/A,N/A,N/A,N/A,N/A,N/A,N/A,N/A,N/A,N/A,N/A,N/A,N/A,N/A,N/A,N/A,N/A,N/A,N/A,N/A,Confirmado,N/A,N/A,N/A,982527,83829,N/A,N/A,N/A,N/A,001-P015,"Tu tinga de hoy, lista en un click",Julio,7,N/A,N/A,N/A,N/A,N/A,N/A,N/A,N/A,N/A,N/A
RN,Recetas Nestlé,Young Creatives,AON,001-P017,Purchase,E-P2,EP2,N/A,Email,Principal,always-on,2026-07-22,2026-07-22,2026-07,2026-07-Q2,2026-07-Q2,1,2026-07,1,2026-07-Q2:17900,2026-07:17900,1,dia,SFMC · min(SendDay),1,datorama,N/A · email,17900,O_AO-RECETAS-NESTLÉ-NC000600_1_IBS_MULT_MULT_MLT_MLTS_MX_ES_JUN-AON-EP2_CN_EM_A_V1_982527,O_AO-RECETAS-NESTLÉ-NC000600_1_IBS_MULT_MULT_MLT_MLTS_MX_ES_JUN-AON-EP2_CN_EM_A_V1_982527,1,NC000600,Sí,1,0,0,Agua de Horchata con Mango,https://www.recetasnestle.com.mx/recetas/agua-horchata-mango,xj2gTnHI,0,N/A,0,N/A,N/A,N/A,N/A,N/A,N/A,N/A,N/A,N/A,N/A,N/A,N/A,N/A,N/A,N/A,N/A,N/A,N/A,Confirmado,Qcart-Links Mails-Hive- MX.xlsx · Julio · f6,N/A,N/A,982527,83830,N/A,N/A,2026-07-22,2026-07-22  [1 código(s)],N/A,¿Ya caíste en la horchata con mango?,Julio,7,N/A,N/A,N/A,N/A,N/A,N/A,xj2gTnHI,N/A,N/A,N/A
RN,Recetas Nestlé,Young Creatives,AON,001-P018,Purchase,E-P2,EP2,N/A,Email,Follow Up,always-on,2026-07-25,2026-07-25,2026-07,2026-07-Q2,2026-07-Q2,1,2026-07,1,2026-07-Q2:11522,2026-07:11522,1,dia,SFMC · min(SendDay),1,datorama,N/A · email,11522,O_AO-RECETAS-NESTLÉ-NC000600_1_IBS_MULT_MULT_MLT_MLTS_MX_ES_JUN-AON-EP2-FUP_CN_EM_A_V1_982527,O_AO-RECETAS-NESTLÉ-NC000600_1_IBS_MULT_MULT_MLT_MLTS_MX_ES_JUN-AON-EP2-FUP_CN_EM_A_V1_982527,1,NC000600,No,0,0,0,N/A,N/A,N/A,N/A,N/A,N/A,N/A,N/A,N/A,N/A,N/A,N/A,N/A,N/A,N/A,N/A,N/A,N/A,N/A,N/A,N/A,N/A,N/A,N/A,Confirmado,N/A,N/A,N/A,982527,83828,N/A,N/A,N/A,N/A,001-P017,Todavía estás a tiempo de probarla 🥭,Julio,7,N/A,N/A,N/A,N/A,N/A,N/A,N/A,N/A,N/A,N/A
RN,Recetas Nestlé,Wellness Navigators,AON,001-P019,Purchase,E-P3,EP3,N/A,Email,Principal,always-on,2026-07-25,2026-09-03,2026-07,2026-07-Q2,2026-07-Q2 ; 2026-08-Q1 ; 2026-08-Q2 ; 2026-09-Q1,4,2026-07 ; 2026-08 ; 2026-09,3,2026-07-Q2:18053 ; 2026-08-Q1:624 ; 2026-08-Q2:1214 ; 2026-09-Q1:99,2026-07:18053 ; 2026-08:1838 ; 2026-09:99,19,dia,SFMC · min(SendDay),41,datorama,N/A · email,19990,O_AO-RECETAS-NESTLÉ-NC000600_1_IBS_MULT_MULT_MLT_MLTS_MX_ES_JUN-AON-EP3_CN_EM_A_V1_982527,O_AO-RECETAS-NESTLÉ-NC000600_1_IBS_MULT_MULT_MLT_MLTS_MX_ES_JUN-AON-EP3_CN_EM_A_V1_982527,1,NC000600,Sí,1,0,0,Huarache de nopal con atún a la mexicana,https://www.recetasnestle.com.mx/recetas/huarache-nopal-atun-mexicana,KO3vgQok,0,N/A,0,N/A,N/A,N/A,N/A,N/A,N/A,N/A,N/A,N/A,N/A,N/A,N/A,N/A,N/A,N/A,N/A,N/A,N/A,Confirmado,Qcart-Links Mails-Hive- MX.xlsx · Julio · f7,N/A,N/A,982527,83826,N/A,N/A,2026-07-25,2026-07-25  [1 código(s)],N/A,¿Comida ligera hoy? Huarache de nopal en minutos,Julio,7,N/A,N/A,N/A,N/A,N/A,N/A,KO3vgQok,N/A,N/A,N/A
RN,Recetas Nestlé,Wellness Navigators,AON,001-P020,Purchase,E-P3,EP3,N/A,Email,Follow Up,always-on,2026-07-28,2026-09-03,2026-07,2026-07-Q2,2026-07-Q2 ; 2026-08-Q1 ; 2026-08-Q2 ; 2026-09-Q1,4,2026-07 ; 2026-08 ; 2026-09,3,2026-07-Q2:11721 ; 2026-08-Q1:432 ; 2026-08-Q2:685 ; 2026-09-Q1:162,2026-07:11721 ; 2026-08:1117 ; 2026-09:162,16,dia,SFMC · min(SendDay),38,datorama,N/A · email,13000,O_AO-RECETAS-NESTLÉ-NC000600_1_IBS_MULT_MULT_MLT_MLTS_MX_ES_JUN-AON-EP3-FUP_CN_EM_A_V1_982527,O_AO-RECETAS-NESTLÉ-NC000600_1_IBS_MULT_MULT_MLT_MLTS_MX_ES_JUN-AON-EP3-FUP_CN_EM_A_V1_982527,1,NC000600,No,0,0,0,N/A,N/A,N/A,N/A,N/A,N/A,N/A,N/A,N/A,N/A,N/A,N/A,N/A,N/A,N/A,N/A,N/A,N/A,N/A,N/A,N/A,N/A,N/A,N/A,Confirmado,N/A,N/A,N/A,982527,84083,N/A,N/A,N/A,N/A,001-P019,"Huarache de nopal y atún, balanceado",Julio,7,N/A,N/A,N/A,N/A,N/A,N/A,N/A,N/A,N/A,N/A
RN,Recetas Nestlé,Sin Cluster,AON,001-P021,Purchase,E-P4,EP4,N/A,Email,Principal,always-on,2026-07-22,2026-07-22,2026-07,2026-07-Q2,2026-07-Q2,1,2026-07,1,2026-07-Q2:334663,2026-07:334663,1,dia,SFMC · min(SendDay),1,datorama,N/A · email,334663,O_AO-RECETAS-NESTLÉ-NC000600_1_IBS_MULT_MULT_MLT_MLTS_MX_ES_JUN-AON-EP4_CN_EM_A_V1_982527,O_AO-RECETAS-NESTLÉ-NC000600_1_IBS_MULT_MULT_MLT_MLTS_MX_ES_JUN-AON-EP4_CN_EM_A_V1_982527,1,NC000600,Sí,3,0,0,Tinga de Pollo,https://www.recetasnestle.com.mx/recetas/comidas-tinga-pollo,hhzYOf18,0,N/A,0,Agua de Horchata con Mango,https://www.recetasnestle.com.mx/recetas/agua-horchata-mango,GblUR93I,0,N/A,N/A,Huarache de nopal con atún a la mexicana,https://www.recetasnestle.com.mx/recetas/huarache-nopal-atun-mexicana,fDAdN8Qa,0,N/A,N/A,N/A,N/A,N/A,N/A,N/A,N/A,Confirmado,Qcart-Links Mails-Hive- MX.xlsx · Julio · f8 ; Qcart-Links Mails-Hive- MX.xlsx · Julio · f8 (3 recetas en la fila),N/A,N/A,982527,83831,N/A,N/A,2026-07-22,2026-07-22  [3 código(s)],N/A,¿Qué se te antoja hoy? Elige tu receta favorita,Julio,7,N/A,N/A,N/A,N/A,N/A,N/A,hhzYOf18,N/A,N/A,N/A
RN,Recetas Nestlé,Sin Cluster,AON,001-P022,Purchase,E-P4,EP4,N/A,Email,Follow Up,always-on,2026-07-25,2026-07-25,2026-07,2026-07-Q2,2026-07-Q2,1,2026-07,1,2026-07-Q2:190730,2026-07:190730,1,dia,SFMC · min(SendDay),1,datorama,N/A · email,190730,O_AO-RECETAS-NESTLÉ-NC000600_1_IBS_MULT_MULT_MLT_MLTS_MX_ES_JUN-AON-EP4-FUP_CN_EM_A_V1_982527,O_AO-RECETAS-NESTLÉ-NC000600_1_IBS_MULT_MULT_MLT_MLTS_MX_ES_JUN-AON-EP4-FUP_CN_EM_A_V1_982527,1,NC000600,No,0,0,0,N/A,N/A,N/A,N/A,N/A,N/A,N/A,N/A,N/A,N/A,N/A,N/A,N/A,N/A,N/A,N/A,N/A,N/A,N/A,N/A,N/A,N/A,N/A,N/A,Confirmado,N/A,N/A,N/A,982527,84084,N/A,N/A,N/A,N/A,001-P021,"3 recetas, 1 favorita: tú eliges qué cocinar",Julio,7,N/A,N/A,N/A,N/A,N/A,N/A,N/A,N/A,N/A,N/A
Nescafé,ICE,Gen Z Cafés,The Freshers,006-P001,Awareness,E-A1,E-A1,N/A,Email,Principal,always-on,2026-07-21,2026-08-13,2026-07,2026-07-Q2,2026-07-Q2 ; 2026-08-Q1,2,2026-07 ; 2026-08,2,2026-07-Q2:124545 ; 2026-08-Q1:848,2026-07:124545 ; 2026-08:848,10,dia,SFMC · min(SendDay),12,datorama,N/A · email,125393,O_Welcome-NC007067_NA_IBS_FOOD_NEST_L60_ANMW_MX_ES_NA_AC_EM_A_NA_997024,O_Welcome-NC007067_NA_IBS_FOOD_NEST_L60_ANMW_MX_ES_NA_AC_EM_A_NA_997024,1,NC007067,No,0,0,0,N/A,N/A,N/A,N/A,N/A,N/A,N/A,N/A,N/A,N/A,N/A,N/A,N/A,N/A,N/A,N/A,N/A,N/A,N/A,N/A,N/A,N/A,N/A,N/A,Confirmado,N/A,N/A,N/A,997024,84005,N/A,N/A,N/A,N/A,N/A,Llegó el nuevo drop: conoce a The Freshers 🧊,Julio,7,N/A,N/A,N/A,N/A,N/A,N/A,N/A,N/A,N/A,N/A
Nescafé,ICE,Gen Z Cafés,The Freshers,006-P002,Awareness,E-A1,E-A1,N/A,Email,Follow Up,always-on,2026-07-24,2026-08-13,2026-07,2026-07-Q2,2026-07-Q2 ; 2026-08-Q1,2,2026-07 ; 2026-08,2,2026-07-Q2:78206 ; 2026-08-Q1:848,2026-07:78206 ; 2026-08:848,7,dia,SFMC · min(SendDay),9,datorama,N/A · email,79054,O_Welcome-NC007067_NA_IBS_FOOD_NEST_L60_ANMW_MX_ES_NA_AC_EM_FUP_A_NA_997024,O_Welcome-NC007067_NA_IBS_FOOD_NEST_L60_ANMW_MX_ES_NA_AC_EM_FUP_A_NA_997024,1,NC007067,No,0,0,0,N/A,N/A,N/A,N/A,N/A,N/A,N/A,N/A,N/A,N/A,N/A,N/A,N/A,N/A,N/A,N/A,N/A,N/A,N/A,N/A,N/A,N/A,N/A,N/A,Confirmado,N/A,N/A,N/A,997024,84085,N/A,N/A,N/A,N/A,006-P001,¿Ya sentiste la vibra? The Freshers están aquí,Julio,7,N/A,N/A,N/A,N/A,N/A,N/A,N/A,N/A,N/A,N/A
Nescafé,Concentrate,Premium Cafés,Hackea tu café,007-P001,Awareness,E-Hack1,E-Hack1,N/A,Email,Principal,always-on,2026-07-25,2026-08-14,2026-07,2026-07-Q2,2026-07-Q2 ; 2026-08-Q1,2,2026-07 ; 2026-08,2,2026-07-Q2:47213 ; 2026-08-Q1:58,2026-07:47213 ; 2026-08:58,9,dia,SFMC · min(SendDay),10,datorama,N/A · email,47271,O_Nescafe-Espresso-Con-NC004682_1_IBS_CFEE_NESC_NCF_AAGW_MX_ES_Concentrate_AC_EM_A_V1_001577,O_Nescafe-Espresso-Con-NC004682_1_IBS_CFEE_NESC_NCF_AAGW_MX_ES_Concentrate_AC_EM_A_V1_001577,1,NC004682,No,0,0,0,N/A,N/A,N/A,N/A,N/A,N/A,N/A,N/A,N/A,N/A,N/A,N/A,N/A,N/A,N/A,N/A,N/A,N/A,N/A,N/A,N/A,N/A,N/A,N/A,Confirmado,N/A,N/A,N/A,001577,84253,N/A,N/A,N/A,N/A,N/A,Tu café frío tiene nuevas reglas: las tuyas,Julio,7,N/A,N/A,N/A,N/A,N/A,N/A,N/A,N/A,N/A,N/A
Nescafé,Concentrate,Premium Cafés,Hackea tu café,007-P002,Awareness,E-Hack1,E-Hack1,N/A,Email,Follow Up,one-shot,2026-07-28,2026-08-14,2026-07,2026-07-Q2,2026-07-Q2 ; 2026-08-Q1,2,2026-07 ; 2026-08,2,2026-07-Q2:29989 ; 2026-08-Q1:58,2026-07:29989 ; 2026-08:58,1,dia,SFMC · min(SendDay),8,datorama,N/A · email,30047,O_Nescafe-Espresso-Con-NC004682_1_IBS_CFEE_NESC_NCF_AAGW_MX_ES_Concentrate_AC_EM_FUP_A_V1_00157,O_Nescafe-Espresso-Con-NC004682_1_IBS_CFEE_NESC_NCF_AAGW_MX_ES_Concentrate_AC_EM_FUP_A_V1_00157,1,NC004682,No,0,0,0,N/A,N/A,N/A,N/A,N/A,N/A,N/A,N/A,N/A,N/A,N/A,N/A,N/A,N/A,N/A,N/A,N/A,N/A,N/A,N/A,N/A,N/A,N/A,N/A,Confirmado,N/A,N/A,N/A,00157,84319,N/A,N/A,N/A,N/A,007-P001,Un shot y hackeas tu café frío como nunca,Julio,7,N/A,N/A,N/A,N/A,N/A,N/A,N/A,N/A,N/A,N/A
Nescafé,Concentrate,Premium Cafés,Hackea tu café,007-P003,Awareness,E-Hack2,E-Hack2,N/A,Email,Principal,always-on,2026-07-31,2026-08-14,2026-07,2026-07-Q2,2026-07-Q2 ; 2026-08-Q1,2,2026-07 ; 2026-08,2,2026-07-Q2:46127 ; 2026-08-Q1:72,2026-07:46127 ; 2026-08:72,9,dia,SFMC · min(SendDay),10,datorama,N/A · email,46199,O_Nescafe-Espresso-Con-NC004682_2_IBS_CFEE_NESC_NCF_AAGW_MX_ES_Concentrate_AC_EM_B_V2_001576,O_Nescafe-Espresso-Con-NC004682_2_IBS_CFEE_NESC_NCF_AAGW_MX_ES_Concentrate_AC_EM_B_V2_001576,1,NC004682,No,0,0,0,N/A,N/A,N/A,N/A,N/A,N/A,N/A,N/A,N/A,N/A,N/A,N/A,N/A,N/A,N/A,N/A,N/A,N/A,N/A,N/A,N/A,N/A,N/A,N/A,Confirmado,N/A,N/A,N/A,001576,84372,N/A,N/A,N/A,N/A,N/A,"Sin máquina, sin barista: hackea tu café frío",Julio,7,N/A,N/A,N/A,N/A,N/A,N/A,N/A,N/A,N/A,N/A
RN,Recetas Nestlé,Career Focused,AON,001-P023,Purchase,E-P4,EP4,N/A,Email,Principal,one-shot,2026-04-30,2026-04-30,2026-04,2026-04-Q2,2026-04-Q2,1,2026-04,1,2026-04-Q2:35970,2026-04:35970,1,dia,CATALOGO-CORRECCIONES.md (SFMC no distingue el par),1,datorama,N/A · email,35970,J_AO-RECETAS-NESTLÉ-NC000600_1_IBS_MULT_MULT_MLT_MLTS_MX_ES_PURCHASE-EP4_AC_EM_A_V1_863587,J_AO-RECETAS-NESTLÉ-NC000600_1_IBS_MULT_MULT_MLT_MLTS_MX_ES_PURCHASE-EP4_AC_EM_A_V1_863587 ; J_AO-RECETAS-NESTLÉ-NC000600_1_IBS_MULT_MULT_MLT_MLTS_MX_ES_CAREER-FOCUSED_AC_EM_A_V1_803867,2,NC000600,No,0,0,0,N/A,N/A,N/A,N/A,N/A,N/A,N/A,N/A,N/A,N/A,N/A,N/A,N/A,N/A,N/A,N/A,N/A,N/A,N/A,N/A,N/A,N/A,N/A,N/A,Confirmado,N/A,N/A,N/A,863587,80970,ABRIL,N/A,N/A,N/A,N/A,Algo ligero para cerrar tu día,Abril,4,N/A,N/A,N/A,N/A,N/A,N/A,N/A,N/A,N/A,N/A
RN,Recetas Nestlé,New Parents,AON,001-P024,Purchase,E-P3,EP3,N/A,Email,Principal,one-shot,2026-04-30,2026-04-30,2026-04,2026-04-Q2,2026-04-Q2,1,2026-04,1,2026-04-Q2:13897,2026-04:13897,1,dia,CATALOGO-CORRECCIONES.md (SFMC no distingue el par),1,datorama,N/A · email,13897,J_AO-RECETAS-NESTLÉ-NC000600_1_IBS_MULT_MULT_MLT_MLTS_MX_ES_PURCHASE-EP3_AC_EM_A_V1_863587,J_AO-RECETAS-NESTLÉ-NC000600_1_IBS_MULT_MULT_MLT_MLTS_MX_ES_PURCHASE-EP3_AC_EM_A_V1_863587 ; J_AO-RECETAS-NESTLÉ-NC000600_1_IBS_MULT_MULT_MLT_MLTS_MX_ES_NEW-PARENTS_AC_EM_A_V1_803867,2,NC000600,No,0,0,0,N/A,N/A,N/A,N/A,N/A,N/A,N/A,N/A,N/A,N/A,N/A,N/A,N/A,N/A,N/A,N/A,N/A,N/A,N/A,N/A,N/A,N/A,N/A,N/A,Confirmado,N/A,N/A,N/A,863587,80931,ABRIL,N/A,N/A,N/A,N/A,Una receta suavecita y rápida para hoy,Abril,4,N/A,N/A,N/A,N/A,N/A,N/A,N/A,N/A,N/A,N/A
RN,Recetas Nestlé,Traditional Parents,AON,001-P025,Purchase,E-P1,EP1,N/A,Email,Principal,one-shot,2026-04-30,2026-04-30,2026-04,2026-04-Q2,2026-04-Q2,1,2026-04,1,2026-04-Q2:38093,2026-04:38093,1,dia,CATALOGO-CORRECCIONES.md (SFMC no distingue el par),1,datorama,N/A · email,38093,J_AO-RECETAS-NESTLÉ-NC000600_1_IBS_MULT_MULT_MLT_MLTS_MX_ES_PURCHASE-EP1_AC_EM_A_V1_863587,J_AO-RECETAS-NESTLÉ-NC000600_1_IBS_MULT_MULT_MLT_MLTS_MX_ES_TRADITIONAL-PARENTS_AC_EM_A_V1_863587 ; J_AO-RECETAS-NESTLÉ-NC000600_1_IBS_MULT_MULT_MLT_MLTS_MX_ES_PURCHASE-EP1_AC_EM_A_V1_863587 ; J_AO-RECETAS-NESTLÉ-NC000600_1_IBS_MULT_MULT_MLT_MLTS_MX_ES_TRADITIONAL-PARENTS_AC_EM_A_V1_803867,3,NC000600,No,0,0,0,N/A,N/A,N/A,N/A,N/A,N/A,N/A,N/A,N/A,N/A,N/A,N/A,N/A,N/A,N/A,N/A,N/A,N/A,N/A,N/A,N/A,N/A,N/A,N/A,Confirmado,N/A,N/A,N/A,863587,80879,ABRIL,N/A,N/A,N/A,N/A,Mini recetas para celebrar el Día del Niño,Abril,4,N/A,N/A,N/A,N/A,N/A,N/A,N/A,N/A,N/A,N/A
RN,Recetas Nestlé,New Parents,AON,001-P026,Purchase,E-P3,EP3,N/A,Email,Follow Up,one-shot,2026-05-03,2026-05-03,2026-05,2026-05-Q1,2026-05-Q1,1,2026-05,1,2026-05-Q1:12666,2026-05:12666,1,dia,CATALOGO-CORRECCIONES.md (SFMC no distingue el par),1,datorama,N/A · email,12666,J_AO-RECETAS-NESTLÉ-NC000600_1_IBS_MULT_MULT_MLT_MLTS_MX_ES_FUP-PURCHASE-EP3_AC_EM_A_V1_863587,J_AO-RECETAS-NESTLÉ-NC000600_1_IBS_MULT_MULT_MLT_MLTS_MX_ES_FUP-PURCHASE-EP3_AC_EM_A_V1_863587 ; J_AO-RECETAS-NESTLÉ-NC000600_1_IBS_MULT_MULT_MLT_MLTS_MX_ES_NEW-PARENTS-FUP_AC_EM_A_V1_803867,2,NC000600,No,0,0,0,N/A,N/A,N/A,N/A,N/A,N/A,N/A,N/A,N/A,N/A,N/A,N/A,N/A,N/A,N/A,N/A,N/A,N/A,N/A,N/A,N/A,N/A,N/A,N/A,Confirmado,N/A,N/A,N/A,863587,81284,ABRIL,N/A,N/A,N/A,001-P024,Receta Ideal para la nueva rutina de casa,Mayo,5,N/A,N/A,N/A,N/A,N/A,N/A,N/A,N/A,N/A,N/A
RN,Recetas Nestlé,Traditional Parents,AON,001-P027,Purchase,E-P1,EP1,N/A,Email,Follow Up,one-shot,2026-05-03,2026-05-03,2026-05,2026-05-Q1,2026-05-Q1,1,2026-05,1,2026-05-Q1:29136,2026-05:29136,1,dia,CATALOGO-CORRECCIONES.md (SFMC no distingue el par),1,datorama,N/A · email,29136,J_AO-RECETAS-NESTLÉ-NC000600_1_IBS_MULT_MULT_MLT_MLTS_MX_ES_FUP-PURCHASE-EP1_AC_EM_A_V1_863587,J_AO-RECETAS-NESTLÉ-NC000600_1_IBS_MULT_MULT_MLT_MLTS_MX_ES_FUP-TRADITIONAL-PARENTS_AC_EM_A_V1_863587 ; J_AO-RECETAS-NESTLÉ-NC000600_1_IBS_MULT_MULT_MLT_MLTS_MX_ES_FUP-PURCHASE-EP1_AC_EM_A_V1_863587 ; J_AO-RECETAS-NESTLÉ-NC000600_1_IBS_MULT_MULT_MLT_MLTS_MX_ES_TRADITIONAL-PARENTS-FP_AC_EM_A_V1_803867,3,NC000600,No,0,0,0,N/A,N/A,N/A,N/A,N/A,N/A,N/A,N/A,N/A,N/A,N/A,N/A,N/A,N/A,N/A,N/A,N/A,N/A,N/A,N/A,N/A,N/A,N/A,N/A,Confirmado,N/A,N/A,N/A,863587,81286,ABRIL,N/A,N/A,N/A,001-P025,Prepara algo rico para compartir con la niñez,Mayo,5,N/A,N/A,N/A,N/A,N/A,N/A,N/A,N/A,N/A,N/A
RN,Recetas Nestlé,Career Focused,AON,001-P028,Purchase,E-P4,EP4,N/A,Email,Follow Up,one-shot,2026-05-03,2026-05-03,2026-05,2026-05-Q1,2026-05-Q1,1,2026-05,1,2026-05-Q1:27823,2026-05:27823,1,dia,CATALOGO-CORRECCIONES.md (SFMC no distingue el par),1,datorama,N/A · email,27823,J_AO-RECETAS-NESTLÉ-NC000600_1_IBS_MULT_MULT_MLT_MLTS_MX_ES_FUP-PURCHASE-EP4_AC_EM_A_V1_863587,J_AO-RECETAS-NESTLÉ-NC000600_1_IBS_MULT_MULT_MLT_MLTS_MX_ES_FUP-PURCHASE-EP4_AC_EM_A_V1_863587 ; J_AO-RECETAS-NESTLÉ-NC000600_1_IBS_MULT_MULT_MLT_MLTS_MX_ES_CAREER-FOCUSED-FUP_AC_EM_A_V1_803867,2,NC000600,No,0,0,0,N/A,N/A,N/A,N/A,N/A,N/A,N/A,N/A,N/A,N/A,N/A,N/A,N/A,N/A,N/A,N/A,N/A,N/A,N/A,N/A,N/A,N/A,N/A,N/A,Confirmado,N/A,N/A,N/A,863587,81283,ABRIL,N/A,N/A,N/A,001-P023,Fresco y fácil para el calorcito,Mayo,5,N/A,N/A,N/A,N/A,N/A,N/A,N/A,N/A,N/A,N/A
Nescafé,Concentrate,Premium Cafés,Hackea tu café,007-P004,Awareness,E-Hack2,E-Hack2,N/A,Email,Follow Up,always-on,2026-08-03,2026-08-14,2026-08,2026-08-Q1,2026-08-Q1,1,2026-08,1,2026-08-Q1:28970,2026-08:28970,8,dia,SFMC · min(SendDay),9,datorama,N/A · email,28970,O_Nescafe-Espresso-Con-NC004682_2_IBS_CFEE_NESC_NCF_AAGW_MX_ES_Concentrate_AC_EM_FUP_B_V2_001576,O_Nescafe-Espresso-Con-NC004682_2_IBS_CFEE_NESC_NCF_AAGW_MX_ES_Concentrate_AC_EM_FUP_B_V2_001576,1,NC004682,No,0,0,0,N/A,N/A,N/A,N/A,N/A,N/A,N/A,N/A,N/A,N/A,N/A,N/A,N/A,N/A,N/A,N/A,N/A,N/A,N/A,N/A,N/A,N/A,N/A,N/A,Confirmado,N/A,N/A,N/A,001576,84377,N/A,N/A,N/A,N/A,007-P003,Hackea tu café frío como si fueras experto,Agosto,8,N/A,N/A,N/A,N/A,N/A,N/A,N/A,N/A,N/A,N/A
Purina,Pro Plan,Activos,Fuel for life,009-P005,Awareness,E-A2,TP2,N/A,Email,Principal,one-shot,2026-07-03,2026-07-03,2026-07,2026-07-Q1,2026-07-Q1,1,2026-07,1,2026-07-Q1:25212,2026-07:25212,0,dia,SFMC · min(SendDay),1,manual · quincena declarada,N/A · email,25212,MX.Proplan.ATM_JB.User.Mixto.Comunidad.CDP_Proplan.E2.2.NA,MX.Proplan.ATM_JB.User.Mixto.Comunidad.CDP_Proplan.E2.2.NA,1,PENDIENTE,No,0,0,0,N/A,N/A,N/A,N/A,N/A,N/A,N/A,N/A,N/A,N/A,N/A,N/A,N/A,N/A,N/A,N/A,N/A,N/A,N/A,N/A,N/A,N/A,N/A,N/A,Confirmado,N/A,sin día exacto en la fuente: se atribuye por Send_Quincena (2026-07-Q1),N/A,Proplan.E2.2,83004,N/A,N/A,N/A,N/A,N/A,¿Tus hábitos hacen la diferencia en la vida de %%=v(@PetName4HTML)=%%%%__SINGLE_RESOLVE%%? 🤔✨,Julio,7,N/A,N/A,N/A,N/A,N/A,N/A,N/A,N/A,N/A,N/A
RN,"Carnation, La Lechera",Saludables,Hotcakes,002-P021,Purchase,WA-C1,Único,N/A,WhatsApp,N/A,one-shot,2026-06-02,PENDIENTE,2026-06,2026-06-Q1,2026-06-Q1,1,2026-06,1,2026-06-Q1:312,2026-06:312,0,dia,journey 002-J004 · la pieza no tiene filas en Data_Email,1,twilio+ga,Sí · medido,312,N/A,N/A,N/A,N/A,No,0,0,0,N/A,N/A,N/A,N/A,N/A,N/A,N/A,N/A,N/A,N/A,N/A,N/A,N/A,N/A,N/A,N/A,N/A,N/A,N/A,N/A,N/A,N/A,N/A,N/A,Confirmado,N/A,N/A,N/A,N/A,N/A,N/A,N/A,N/A,N/A,N/A,N/A,Junio,6,N/A,N/A,N/A,N/A,N/A,N/A,N/A,WA-HOTCAKES-C1-SALUDABLES,N/A,1
RN,"Carnation, La Lechera",Prácticos,Hotcakes,002-P022,Purchase,WA-C2,Único,N/A,WhatsApp,N/A,one-shot,2026-06-02,PENDIENTE,2026-06,2026-06-Q1,2026-06-Q1,1,2026-06,1,2026-06-Q1:285,2026-06:285,0,dia,journey 002-J004 · la pieza no tiene filas en Data_Email,1,twilio+ga,Sí · medido,285,N/A,N/A,N/A,N/A,No,0,0,0,N/A,N/A,N/A,N/A,N/A,N/A,N/A,N/A,N/A,N/A,N/A,N/A,N/A,N/A,N/A,N/A,N/A,N/A,N/A,N/A,N/A,N/A,N/A,N/A,Confirmado,N/A,N/A,N/A,N/A,N/A,N/A,N/A,N/A,N/A,N/A,N/A,Junio,6,N/A,N/A,N/A,N/A,N/A,N/A,N/A,WA-HOTCAKES-C2-PRACTICOS,N/A,1
RN,"Carnation, La Lechera",Indulgentes,Hotcakes,002-P023,Purchase,WA-C3,Único,N/A,WhatsApp,N/A,one-shot,2026-06-02,PENDIENTE,2026-06,2026-06-Q1,2026-06-Q1,1,2026-06,1,2026-06-Q1:519,2026-06:519,0,dia,journey 002-J004 · la pieza no tiene filas en Data_Email,1,twilio+ga,Sí · medido,519,N/A,N/A,N/A,N/A,No,0,0,0,N/A,N/A,N/A,N/A,N/A,N/A,N/A,N/A,N/A,N/A,N/A,N/A,N/A,N/A,N/A,N/A,N/A,N/A,N/A,N/A,N/A,N/A,N/A,N/A,Confirmado,N/A,N/A,N/A,N/A,N/A,N/A,N/A,N/A,N/A,N/A,N/A,Junio,6,N/A,N/A,N/A,N/A,N/A,N/A,N/A,WA-HOTCAKES-C3-INDULGENTES,N/A,1
RN,"Carnation, La Lechera",FamilyKids,Hotcakes,002-P024,Purchase,WA-C4,Único,N/A,WhatsApp,N/A,one-shot,2026-06-02,PENDIENTE,2026-06,2026-06-Q1,2026-06-Q1,1,2026-06,1,2026-06-Q1:445,2026-06:445,0,dia,journey 002-J004 · la pieza no tiene filas en Data_Email,1,twilio+ga,Sí · medido,445,N/A,N/A,N/A,N/A,No,0,0,0,N/A,N/A,N/A,N/A,N/A,N/A,N/A,N/A,N/A,N/A,N/A,N/A,N/A,N/A,N/A,N/A,N/A,N/A,N/A,N/A,N/A,N/A,N/A,N/A,Confirmado,N/A,N/A,N/A,N/A,N/A,N/A,N/A,N/A,N/A,N/A,N/A,Junio,6,N/A,N/A,N/A,N/A,N/A,N/A,N/A,WA-HOTCAKES-C4-FAMILYKIDS,N/A,1
Nescafé,Clásico,Combinado,Tercer Tiempo,008-P007,Purchase,WA-1,Envío 1 · 2026-06-19,"Futboleros, Amazon, Walmart",WhatsApp,N/A,one-shot,2026-06-19,2026-06-19,2026-06,2026-06-Q2,2026-06-Q2,1,2026-06,1,2026-06-Q2:1817,2026-06:1817,0,dia,journey 008-J003 · la pieza no tiene filas en Data_Email,1,twilio+ga,No · derivado de Read × CTOR 12% asumido,1817,N/A,N/A,N/A,N/A,No,0,0,0,N/A,N/A,N/A,N/A,N/A,N/A,N/A,N/A,N/A,N/A,N/A,N/A,N/A,N/A,N/A,N/A,N/A,N/A,N/A,N/A,N/A,N/A,N/A,N/A,Confirmado,N/A,"utm_content no venía en la fuente · nombrado wa-1 por instrucción · DESPERTAR 1 · MGSC Mxnescafe_sbmktwhatsapp · journey O_Welcome-NC007067_1_IBS_FOOD_NEST_L60_ANMW_MX_ES_NA_CN_WA_A_V1_948953 · base total de la campaña 17,577 contactos (TWILIO KPIS REPORT, Rick 10-sep-2026)",N/A,N/A,N/A,N/A,N/A,N/A,N/A,N/A,N/A,Junio,6,N/A,N/A,N/A,N/A,N/A,N/A,N/A,O_Welcome-NC007067_1_IBS_FOOD_NEST_L60_ANMW_MX_ES_NA_CN_WA_A_V1_948953,N/A,1
Nescafé,Clásico,Combinado,Tercer Tiempo,008-P008,Purchase,WA-2,Envío 2 · 2026-06-30,"Futboleros, Amazon, Walmart",WhatsApp,N/A,one-shot,2026-06-30,2026-06-30,2026-06,2026-06-Q2,2026-06-Q2,1,2026-06,1,2026-06-Q2:3996,2026-06:3996,0,dia,journey 008-J003 · la pieza no tiene filas en Data_Email,1,twilio+ga,No · derivado de Read × CTOR 12% asumido,3996,N/A,N/A,N/A,N/A,No,0,0,0,N/A,N/A,N/A,N/A,N/A,N/A,N/A,N/A,N/A,N/A,N/A,N/A,N/A,N/A,N/A,N/A,N/A,N/A,N/A,N/A,N/A,N/A,N/A,N/A,Confirmado,N/A,"utm_content no venía en la fuente · nombrado wa-2 por instrucción · DESPERTAR 2 · MGSC Mxnescafe_sbmktwhatsapp · DOS journeys: …WA_A_V1_948959 y …WA_B_V1_972359 (audiencia 5,000 programada en dos envíos A:2,000 y B:3,000). 🔴 La lámina da los totales COMBINADOS (3,996 enviados), no el reparto A/B: partirlos por regla de tres sería fabricar el dato, así que la pieza es UNA con sus dos journeys. base total de la campaña 17,577 contactos (TWILIO KPIS REPORT, Rick 10-sep-2026)",N/A,N/A,N/A,N/A,N/A,N/A,N/A,N/A,N/A,Junio,6,N/A,N/A,N/A,N/A,N/A,N/A,N/A,"O_Welcome-NC007067_1_IBS_FOOD_NEST_L60_ANMW_MX_ES_NA_CN_WA_A_V1_948959

O_Welcome-NC007067_1_IBS_FOOD_NEST_L60_ANMW_MX_ES_NA_CN_WA_B_V1_972359",N/A,1
RN,Maggi,"WA-opt-in Cooking, WA-opt-in Botanas, WA-opt-in Bebidas",Mundial,004-P010,Purchase,Partido 2,Partido 2 - Corea,N/A,WhatsApp,N/A,one-shot,2026-06-18,PENDIENTE,2026-06,2026-06-Q2,PENDIENTE,0,PENDIENTE,0,PENDIENTE,PENDIENTE,0,ninguna,sin fecha ni quincena en ninguna fuente · Sin engagement cargado,1,twilio+ga,Sí · medido,162,N/A,N/A,N/A,N/A,No,0,0,0,N/A,N/A,N/A,N/A,N/A,N/A,N/A,N/A,N/A,N/A,N/A,N/A,N/A,N/A,N/A,N/A,N/A,N/A,N/A,N/A,N/A,N/A,N/A,N/A,Confirmado,N/A,"declarada por Data_Maggi · engagement de WhatsApp sin cargar · declaraciones plegadas (22-sep-2026, sin envío propio, la pieza es el partido): 004-P011 «Bebidas» · 004-P012 «Modern Cooking»",N/A,Segundo Partido,N/A,N/A,N/A,N/A,N/A,N/A,N/A,Junio,6,N/A,N/A,N/A,N/A,N/A,N/A,"wa-cooking1, wa-bebida1, wa-botana1",WA-MUNDIAL-SEGUNDO-PARTIDO,Segundo Partido,2
RN,Maggi,"WA-opt-in Cooking, WA-opt-in Botanas, WA-opt-in Bebidas",Mundial,004-P013,Purchase,Partido 3,Partido 3 - Checa,N/A,WhatsApp,N/A,one-shot,2026-06-26,PENDIENTE,2026-06,2026-06-Q2,PENDIENTE,0,PENDIENTE,0,PENDIENTE,PENDIENTE,0,ninguna,sin fecha ni quincena en ninguna fuente · Sin engagement cargado,1,twilio+ga,Sí · medido,162,N/A,N/A,N/A,N/A,No,0,0,0,N/A,N/A,N/A,N/A,N/A,N/A,N/A,N/A,N/A,N/A,N/A,N/A,N/A,N/A,N/A,N/A,N/A,N/A,N/A,N/A,N/A,N/A,N/A,N/A,Confirmado,N/A,"declarada por Data_Maggi · engagement de WhatsApp sin cargar · declaraciones plegadas (22-sep-2026, sin envío propio, la pieza es el partido): 004-P014 «Botana» · 004-P015 «Modern Cooking» · 004-P016 «Activos»",N/A,Tercer Partido,N/A,N/A,N/A,N/A,N/A,N/A,N/A,Junio,6,N/A,N/A,N/A,N/A,N/A,N/A,"wa-modercooking3, wa-botanas3, wa-bebidas3",WA-MUNDIAL-TERCER-PARTIDO,Tercer Partido,2
RN,Maggi,Wa-opt-in-allsegments,Mundial,004-P017,Purchase,Semifinal A,Semifinal A,N/A,WhatsApp,N/A,one-shot,2026-07-14,PENDIENTE,2026-07,2026-07-Q1,PENDIENTE,0,2026-07,1,PENDIENTE,PENDIENTE,0,mes,"documento maestro · la hoja ""Julio"" es el mes · sin día ni quincena",1,twilio+ga,Sí · medido,1981,N/A,N/A,N/A,N/A,Sí,2,16,16,Baguette 3 quesos,https://www.recetasnestle.com.mx/recetas/baguette-3-quesos,sbH9gVge,13,N/A,0,Tapas Berenjenas,https://www.recetasnestle.com.mx/recetas/tapas-de-berenjena,Agy5v9Yb,3,N/A,0,N/A,N/A,N/A,N/A,N/A,N/A,N/A,N/A,N/A,N/A,N/A,N/A,Confirmado,Qcart-Links Mails-Hive- MX.xlsx · Julio · f13,declarada por Data_Maggi · engagement de WhatsApp sin cargar,N/A,Semifinal A,N/A,N/A,N/A,2026-07-14,2026-07-14  [2 código(s)],N/A,N/A,Julio,7,N/A,N/A,N/A,N/A,N/A,N/A,"sbH9gVge, Agy5v9Yb",WA-MUNDIAL-SEMIFINAL-A,Semifinal A,2
RN,Maggi,Wa-opt-in-allsegments,Mundial,004-P018,Purchase,Semifinal B,Semifinal B - argentina vs ingla,N/A,WhatsApp,N/A,one-shot,2026-07-15,PENDIENTE,2026-07,2026-07-Q1,PENDIENTE,0,2026-07,1,PENDIENTE,PENDIENTE,0,mes,"documento maestro · la hoja ""Julio"" es el mes · sin día ni quincena",1,twilio+ga,Sí · medido,999,N/A,N/A,N/A,N/A,Sí,2,12,13,Deditos de pescado,https://www.recetasnestle.com.mx/recetas/deditos-pescado,2YWR8c3Z,10,N/A,0,Choripan,https://www.recetasnestle.com.mx/recetas/choripan,haPs2HHU,2,N/A,0,N/A,N/A,N/A,N/A,N/A,N/A,N/A,N/A,N/A,N/A,N/A,N/A,Confirmado,Qcart-Links Mails-Hive- MX.xlsx · Julio · f15,declarada por Data_Maggi · engagement de WhatsApp sin cargar,N/A,Semifinal B,N/A,N/A,N/A,2026-07-15,2026-07-15  [2 código(s)],N/A,N/A,Julio,7,N/A,N/A,N/A,N/A,N/A,N/A,"2YWR8c3Z, haPs2HHU",WA-MUNDIAL-SEMIFINAL-B,Semifinal B,2
RN,Maggi,Wa-opt-in-allsegments,Mundial,004-P019,Purchase,Final,Final - españa vs aregentica,N/A,WhatsApp,N/A,one-shot,2026-07-19,PENDIENTE,2026-07,2026-07-Q2,PENDIENTE,0,2026-07,1,PENDIENTE,PENDIENTE,0,mes,"documento maestro · la hoja ""Julio"" es el mes · sin día ni quincena",1,twilio+ga,Sí · medido,1965,N/A,N/A,N/A,N/A,Sí,3,16,32,Empanadas tipo argentina,https://www.recetasnestle.com.mx/recetas/empanadas-tipo-argentinas,2Yn9L0bD,15,N/A,0,Aceitunas preparadas: receta simple y rápida,https://www.recetasnestle.com.mx/recetas/aceitunas-botaneras,LO8RxwsM,1,N/A,0,Salsa picante,https://www.recetasnestle.com.mx/recetas/botanas-salsa-tipo-inglesa-picante,uv5JZ8U7,0,N/A,0,N/A,N/A,N/A,N/A,N/A,N/A,Confirmado,Qcart-Links Mails-Hive- MX.xlsx · Julio · f19,declarada por Data_Maggi · engagement de WhatsApp sin cargar,N/A,Final,N/A,N/A,N/A,2026-07-19,2026-07-19  [2 código(s)],N/A,N/A,Julio,7,N/A,N/A,N/A,N/A,N/A,N/A,"LO8RxwsM, 2Yn9L0bD",WA-MUNDIAL-FINALES,Finales,2
Purina,Pro Plan,Pro Plan Pet Parents · Perros,Fuel for life,009-P006,Enrichment,E-E3,N/A,N/A,Email,Principal,one-shot,2026-07-17,2026-07-17,2026-07,2026-07-Q2,2026-07-Q2,1,2026-07,1,2026-07-Q2:19206,2026-07:19206,PENDIENTE,dia,SFMC · detalle día por día (sin jobs de prueba),1,SFMC · sfmc_get_send_metrics jobId 1263904,N/A · email,19206,MX.Proplan.ATM_JB.User.Perros.Comunidad.CDP_Proplan_PP_E3A1.NA,N/A,N/A,PENDIENTE,No,0,N/A,N/A,N/A,N/A,N/A,N/A,N/A,N/A,N/A,N/A,N/A,N/A,N/A,N/A,N/A,N/A,N/A,N/A,N/A,N/A,N/A,N/A,N/A,N/A,N/A,N/A,Confirmado,PENDIENTE,"Alta desde CATALOGO-CORRECCIONES.md (2026-08-20), linea 120. Fechas: 13-jul → 17-jul",Perros,PP_E3A1,83762,N/A,Perros,N/A,N/A,N/A,¡Existen varias fórmulas para que %%=v(@PetName4HTML)=%%%%__SINGLE_RESOLVE%% alcance lo excepcional!🐶✨,Julio,7,N/A,N/A,N/A,N/A,N/A,N/A,User.Perros.Comunidad.CDP_Proplan_PP_E3A1.NA,N/A,N/A,N/A
Purina,Pro Plan,Pro Plan Pet Parents · Gatos,Fuel for life,009-P007,Enrichment,E-E3,N/A,N/A,Email,Principal,one-shot,2026-07-17,2026-07-17,2026-07,2026-07-Q2,2026-07-Q2,1,2026-07,1,2026-07-Q2:3417,2026-07:3417,PENDIENTE,dia,SFMC · detalle día por día (sin jobs de prueba),1,SFMC · sfmc_get_send_metrics jobId 1263905,N/A · email,3417,MX.Proplan.ATM_JB.User.Gatos.Comunidad.CDP_Proplan_PP_E3A2.NA,N/A,N/A,PENDIENTE,No,0,N/A,N/A,N/A,N/A,N/A,N/A,N/A,N/A,N/A,N/A,N/A,N/A,N/A,N/A,N/A,N/A,N/A,N/A,N/A,N/A,N/A,N/A,N/A,N/A,N/A,N/A,Confirmado,PENDIENTE,"Alta desde CATALOGO-CORRECCIONES.md (2026-08-20), linea 121. Fechas: 13-jul → 17-jul",Gatos,PP_E3A2,83763,N/A,Gatos,N/A,N/A,N/A,"Cada gato es distinto, su nutrición también debería serlo😸✨",Julio,7,N/A,N/A,N/A,N/A,N/A,N/A,User.Gatos.Comunidad.CDP_Proplan_PP_E3A2.NA,N/A,N/A,N/A
Purina,Pro Plan,Pro Plan Aspiracionales · Gatos,Fuel for life,009-P008,Enrichment,E-E3,N/A,N/A,Email,Principal,one-shot,2026-07-17,2026-07-17,2026-07,2026-07-Q2,2026-07-Q2,1,2026-07,1,2026-07-Q2:2983,2026-07:2983,PENDIENTE,dia,SFMC · detalle día por día (sin jobs de prueba),1,SFMC · sfmc_get_send_metrics jobId 1263915,N/A · email,2983,MX.Proplan.ATM_JB.User.Gatos.Comunidad.CDP_Proplan_PA_E3B2.NA,N/A,N/A,PENDIENTE,No,0,N/A,N/A,N/A,N/A,N/A,N/A,N/A,N/A,N/A,N/A,N/A,N/A,N/A,N/A,N/A,N/A,N/A,N/A,N/A,N/A,N/A,N/A,N/A,N/A,N/A,N/A,Confirmado,PENDIENTE,"Alta desde CATALOGO-CORRECCIONES.md (2026-08-20), linea 125. Fechas: 13-jul → 17-jul",Gatos,PA_E3B2,83766,N/A,Gatos,N/A,N/A,N/A,Las necesidades de %%=v(@PetName4HTML)=%%%%__SINGLE_RESOLVE%% cambian con cada etapa de vida😸,Julio,7,N/A,N/A,N/A,N/A,N/A,N/A,User.Gatos.Comunidad.CDP_Proplan_PA_E3B2.NA,N/A,N/A,N/A
Purina,Pro Plan,Pro Plan Aspiracionales · Mixto,Fuel for life,009-P009,Enrichment,E-E3,N/A,N/A,Email,Principal,one-shot,2026-07-17,2026-07-17,2026-07,2026-07-Q2,2026-07-Q2,1,2026-07,1,2026-07-Q2:148,2026-07:148,PENDIENTE,dia,SFMC · detalle día por día (sin jobs de prueba),1,SFMC · sfmc_get_send_metrics jobId 1263914,N/A · email,148,MX.Proplan.ATM_JB.User.Mixto.Comunidad.CDP_Proplan_PA_E3B3.NA,N/A,N/A,PENDIENTE,No,0,N/A,N/A,N/A,N/A,N/A,N/A,N/A,N/A,N/A,N/A,N/A,N/A,N/A,N/A,N/A,N/A,N/A,N/A,N/A,N/A,N/A,N/A,N/A,N/A,N/A,N/A,Confirmado,PENDIENTE,"Alta desde CATALOGO-CORRECCIONES.md (2026-08-20), linea 126. Fechas: 13-jul → 17-jul",Mixto,PA_E3B3,83767,N/A,Mixto,N/A,N/A,N/A,Las necesidades de %%=v(@PetName4HTML)=%%%%__SINGLE_RESOLVE%% cambian con cada etapa de vida😸🐶,Julio,7,N/A,N/A,N/A,N/A,N/A,N/A,User.Mixto.Comunidad.CDP_Proplan_PA_E3B3.NA,N/A,N/A,N/A
Purina,Pro Plan,Pro Plan Educated Pet Owners · Gatos,Fuel for life,009-P010,Enrichment,E-E3,N/A,N/A,Email,Principal,one-shot,2026-07-17,2026-07-17,2026-07,2026-07-Q2,2026-07-Q2,1,2026-07,1,2026-07-Q2:310,2026-07:310,PENDIENTE,dia,SFMC · detalle día por día (sin jobs de prueba),1,SFMC · sfmc_get_send_metrics jobId 1263924,N/A · email,310,MX.Proplan.ATM_JB.User.Gatos.Comunidad.CDP_Proplan_PO_E3C2.NA,N/A,N/A,PENDIENTE,No,0,N/A,N/A,N/A,N/A,N/A,N/A,N/A,N/A,N/A,N/A,N/A,N/A,N/A,N/A,N/A,N/A,N/A,N/A,N/A,N/A,N/A,N/A,N/A,N/A,N/A,N/A,Confirmado,PENDIENTE,"Alta desde CATALOGO-CORRECCIONES.md (2026-08-20), linea 129. Fechas: 13-jul → 17-jul",Gatos,PO_E3C2,83769,N/A,Gatos,N/A,N/A,N/A,Las necesidades de %%=v(@PetName4HTML)=%%%%__SINGLE_RESOLVE%% cambian con cada etapa de vida😸,Julio,7,N/A,N/A,N/A,N/A,N/A,N/A,User.Gatos.Comunidad.CDP_Proplan_PO_E3C2.NA,N/A,N/A,N/A
Purina,Pro Plan,Pro Plan Educated Pet Owners · Mixto,Fuel for life,009-P011,Enrichment,E-E3,N/A,N/A,Email,Principal,one-shot,2026-07-17,2026-07-17,2026-07,2026-07-Q2,2026-07-Q2,1,2026-07,1,2026-07-Q2:38,2026-07:38,PENDIENTE,dia,SFMC · detalle día por día (sin jobs de prueba),1,SFMC · sfmc_get_send_metrics jobId 1263925,N/A · email,38,MX.Proplan.ATM_JB.User.Mixto.Comunidad.CDP_Proplan_PO_E3C3.NA,N/A,N/A,PENDIENTE,No,0,N/A,N/A,N/A,N/A,N/A,N/A,N/A,N/A,N/A,N/A,N/A,N/A,N/A,N/A,N/A,N/A,N/A,N/A,N/A,N/A,N/A,N/A,N/A,N/A,N/A,N/A,Confirmado,PENDIENTE,"Alta desde CATALOGO-CORRECCIONES.md (2026-08-20), linea 130. Fechas: 13-jul → 17-jul",Mixto,PO_E3C3,83770,N/A,Mixto,N/A,N/A,N/A,Las necesidades de %%=v(@PetName4HTML)=%%%%__SINGLE_RESOLVE%% cambian con cada etapa de vida😸🐶,Julio,7,N/A,N/A,N/A,N/A,N/A,N/A,User.Mixto.Comunidad.CDP_Proplan_PO_E3C3.NA,N/A,N/A,N/A
Purina,Pro Plan,Pro Plan Pet Parents · Perros,Fuel for life,009-P012,Enrichment,E-E4,N/A,N/A,Email,Principal,one-shot,2026-07-30,2026-07-30,2026-07,2026-07-Q2,2026-07-Q2,1,2026-07,1,2026-07-Q2:3409,2026-07:3409,PENDIENTE,dia,SFMC · detalle día por día (sin jobs de prueba),1,SIN VERIFICAR,N/A · email,3409,MX.Proplan.ATM_JB.User.Perros.Comunidad.CDP_Proplan_PP_E4A1.NA,N/A,N/A,PENDIENTE,No,0,N/A,N/A,N/A,N/A,N/A,N/A,N/A,N/A,N/A,N/A,N/A,N/A,N/A,N/A,N/A,N/A,N/A,N/A,N/A,N/A,N/A,N/A,N/A,N/A,N/A,N/A,Confirmado,PENDIENTE,"Alta desde CATALOGO-CORRECCIONES.md (2026-08-20), linea 132. Fechas: 23-jul → 30-jul · EmailID candidato 84317 (lista de Rick 20-ago). NO esta en CRM_Reporte_Config ni se pudo verificar por MCP: E4 es un journey continuo y sus jobs no se pueden agregar. Se llena cuando entre al config.",Perros,PP_E4A1,83930,N/A,Perros,N/A,N/A,N/A,Dale a %%=v(@PetName4HTML)=%%%%__SINGLE_RESOLVE%% la nutrición que necesita con Pro Plan®🐶✨,Julio,7,N/A,N/A,N/A,N/A,N/A,N/A,User.Perros.Comunidad.CDP_Proplan_PP_E4A1.NA,N/A,N/A,N/A
Purina,Pro Plan,Pro Plan Pet Parents · Gatos,Fuel for life,009-P013,Enrichment,E-E4,N/A,N/A,Email,Principal,one-shot,2026-07-30,2026-07-30,2026-07,2026-07-Q2,2026-07-Q2,1,2026-07,1,2026-07-Q2:703,2026-07:703,PENDIENTE,dia,SFMC · detalle día por día (sin jobs de prueba),1,SIN VERIFICAR,N/A · email,703,MX.Proplan.ATM_JB.User.Gatos.Comunidad.CDP_Proplan_PP_E4A2.NA,N/A,N/A,PENDIENTE,No,0,N/A,N/A,N/A,N/A,N/A,N/A,N/A,N/A,N/A,N/A,N/A,N/A,N/A,N/A,N/A,N/A,N/A,N/A,N/A,N/A,N/A,N/A,N/A,N/A,N/A,N/A,Confirmado,PENDIENTE,"Alta desde CATALOGO-CORRECCIONES.md (2026-08-20), linea 133. Fechas: 30-jul → 30-jul · EmailID candidato 84320 (lista de Rick 20-ago). NO esta en CRM_Reporte_Config ni se pudo verificar por MCP: E4 es un journey continuo y sus jobs no se pueden agregar. Se llena cuando entre al config.",Gatos,PP_E4A2,84320,N/A,Gatos,N/A,N/A,N/A,📢¡Aquí está la fórmula Pro Plan® ideal para %%=v(@PetName4HTML)=%%%%__SINGLE_RESOLVE%%!👀🔥,Julio,7,N/A,N/A,N/A,N/A,N/A,N/A,User.Gatos.Comunidad.CDP_Proplan_PP_E4A2.NA,N/A,N/A,N/A
Purina,Pro Plan,Pro Plan Pet Parents · Mixto,Fuel for life,009-P014,Enrichment,E-E4,N/A,N/A,Email,Principal,one-shot,2026-07-30,2026-07-30,2026-07,2026-07-Q2,2026-07-Q2,1,2026-07,1,2026-07-Q2:38,2026-07:38,PENDIENTE,dia,SFMC · detalle día por día (sin jobs de prueba),1,SIN VERIFICAR,N/A · email,38,MX.Proplan.ATM_JB.User.Mixto.Comunidad.CDP_Proplan_PP_E4A3.NA,N/A,N/A,PENDIENTE,No,0,N/A,N/A,N/A,N/A,N/A,N/A,N/A,N/A,N/A,N/A,N/A,N/A,N/A,N/A,N/A,N/A,N/A,N/A,N/A,N/A,N/A,N/A,N/A,N/A,N/A,N/A,Confirmado,PENDIENTE,"Alta desde CATALOGO-CORRECCIONES.md (2026-08-20), linea 134. Fechas: 27-jul → 30-jul · EmailID candidato 84321 (lista de Rick 20-ago). NO esta en CRM_Reporte_Config ni se pudo verificar por MCP: E4 es un journey continuo y sus jobs no se pueden agregar. Se llena cuando entre al config.",Mixto,PP_E4A3,84321,N/A,Mixto,N/A,N/A,N/A,¿Y las sensibilidades de tu mascota?👀Amazon tiene la respuesta💛,Julio,7,N/A,N/A,N/A,N/A,N/A,N/A,User.Mixto.Comunidad.CDP_Proplan_PP_E4A3.NA,N/A,N/A,N/A
Purina,Pro Plan,Aspiracionales + Educated Pet Owners · Perros,Fuel for life,009-P015,Enrichment,E-E4,N/A,N/A,Email,Principal,one-shot,2026-07-30,2026-07-30,2026-07,2026-07-Q2,2026-07-Q2,1,2026-07,1,2026-07-Q2:14763,2026-07:14763,PENDIENTE,dia,SFMC · detalle día por día (sin jobs de prueba),1,SIN VERIFICAR,N/A · email,14763,MX.Proplan.ATM_JB.User.Perros.Comunidad.CDP_Proplan_PAE_E4B1.NA,N/A,N/A,PENDIENTE,No,0,N/A,N/A,N/A,N/A,N/A,N/A,N/A,N/A,N/A,N/A,N/A,N/A,N/A,N/A,N/A,N/A,N/A,N/A,N/A,N/A,N/A,N/A,N/A,N/A,N/A,N/A,Confirmado,PENDIENTE,"Alta desde CATALOGO-CORRECCIONES.md (2026-08-20), linea 136. Fechas: 27-jul → 30-jul. POR CONFIRMAR: PAE no existe en el catálogo · el doc lo lee como Aspiracionales + Educated Pet Owners, pero hay que validarlo antes de reportarlo · EmailID candidato 84322 (lista de Rick 20-ago). NO esta en CRM_Reporte_Config ni se pudo verificar por MCP: E4 es un journey continuo y sus jobs no se pueden agregar. Se llena cuando entre al config.",Perros,PAE_E4B1,84322,N/A,Perros,N/A,N/A,N/A,¿Estás alimentando a %%=v(@PetName4HTML)=%%%%__SINGLE_RESOLVE%% según su etapa?👀Aquí la respuesta🐶,Julio,7,N/A,N/A,N/A,N/A,N/A,N/A,User.Perros.Comunidad.CDP_Proplan_PAE_E4B1.NA,N/A,N/A,N/A
Purina,Pro Plan,Aspiracionales + Educated Pet Owners · Gatos,Fuel for life,009-P016,Enrichment,E-E4,N/A,N/A,Email,Principal,one-shot,2026-07-30,2026-07-30,2026-07,2026-07-Q2,2026-07-Q2,1,2026-07,1,2026-07-Q2:4021,2026-07:4021,PENDIENTE,dia,SFMC · detalle día por día (sin jobs de prueba),1,SIN VERIFICAR,N/A · email,4021,MX.Proplan.ATM_JB.User.Gatos.Comunidad.CDP_Proplan_PAE_E4B2.NA,N/A,N/A,PENDIENTE,No,0,N/A,N/A,N/A,N/A,N/A,N/A,N/A,N/A,N/A,N/A,N/A,N/A,N/A,N/A,N/A,N/A,N/A,N/A,N/A,N/A,N/A,N/A,N/A,N/A,N/A,N/A,Confirmado,PENDIENTE,"Alta desde CATALOGO-CORRECCIONES.md (2026-08-20), linea 137. Fechas: 27-jul → 30-jul. POR CONFIRMAR: PAE no existe en el catálogo · el doc lo lee como Aspiracionales + Educated Pet Owners, pero hay que validarlo antes de reportarlo · EmailID candidato 84323 (lista de Rick 20-ago). NO esta en CRM_Reporte_Config ni se pudo verificar por MCP: E4 es un journey continuo y sus jobs no se pueden agregar. Se llena cuando entre al config.",Gatos,PAE_E4B2,84323,N/A,Gatos,N/A,N/A,N/A,El siguiente paso para cuidar a %%=v(@PetName4HTML)=%%%%__SINGLE_RESOLVE%% empieza aquí🤩😻,Julio,7,N/A,N/A,N/A,N/A,N/A,N/A,User.Gatos.Comunidad.CDP_Proplan_PAE_E4B2.NA,N/A,N/A,N/A
Purina,Pro Plan,Aspiracionales + Educated Pet Owners · Mixto,Fuel for life,009-P017,Enrichment,E-E4,N/A,N/A,Email,Principal,one-shot,2026-07-30,2026-07-30,2026-07,2026-07-Q2,2026-07-Q2,1,2026-07,1,2026-07-Q2:153,2026-07:153,PENDIENTE,dia,SFMC · detalle día por día (sin jobs de prueba),1,SIN VERIFICAR,N/A · email,153,MX.Proplan.ATM_JB.User.Mixto.Comunidad.CDP_Proplan_PAE_E4B3.NA,N/A,N/A,PENDIENTE,No,0,N/A,N/A,N/A,N/A,N/A,N/A,N/A,N/A,N/A,N/A,N/A,N/A,N/A,N/A,N/A,N/A,N/A,N/A,N/A,N/A,N/A,N/A,N/A,N/A,N/A,N/A,Confirmado,PENDIENTE,"Alta desde CATALOGO-CORRECCIONES.md (2026-08-20), linea 138. Fechas: 23-jul → 30-jul. POR CONFIRMAR: PAE no existe en el catálogo · el doc lo lee como Aspiracionales + Educated Pet Owners, pero hay que validarlo antes de reportarlo · EmailID candidato 84324 (lista de Rick 20-ago). NO esta en CRM_Reporte_Config ni se pudo verificar por MCP: E4 es un journey continuo y sus jobs no se pueden agregar. Se llena cuando entre al config.",Mixto,PAE_E4B3,84261,N/A,Mixto,N/A,N/A,N/A,El siguiente paso para cuidar a tu mascota empieza aquí🤩,Julio,7,N/A,N/A,N/A,N/A,N/A,N/A,User.Mixto.Comunidad.CDP_Proplan_PAE_E4B3.NA,N/A,N/A,N/A
Nescafé,ICE,Wa-opt-in,The Freshers,006-P003,Awareness,WA-A1,N/A,N/A,WhatsApp,N/A,PENDIENTE,2026-07-23,PENDIENTE,2026-07,2026-07-Q2,PENDIENTE,PENDIENTE,PENDIENTE,PENDIENTE,PENDIENTE,PENDIENTE,PENDIENTE,PENDIENTE,PENDIENTE,PENDIENTE,Resultados Whatsapp CRM 2026 · hoja ICE,PENDIENTE,2000,O_Nescafé-ICE-NC000817_1_IBS_CFEE_NESC_NCFAAIW_MX_ES_NA_AC_WA_A_NA_000611,N/A,N/A,NC000817,No,N/A,N/A,N/A,N/A,N/A,N/A,N/A,N/A,N/A,N/A,N/A,N/A,N/A,N/A,N/A,N/A,N/A,N/A,N/A,N/A,N/A,N/A,N/A,N/A,N/A,N/A,N/A,Confirmado,N/A,"Alta 20-ago-2026: aparecía en los datos de WhatsApp y no en el catálogo. 2,000 envíos · 1,599 entregados · 893 leídos.",N/A,000611,N/A,N/A,N/A,N/A,N/A,N/A,N/A,Julio,7,N/A,N/A,N/A,N/A,N/A,N/A,N/A,O_Nescafé-ICE-NC000817_1_IBS_CFEE_NESC_NCFAAIW_MX_ES_NA_AC_WA_A_NA_000611,N/A,1
RN,Recetas Nestlé,Usuarios activos sin click en App,AON,001-P029,Descarga App,E-APP,N/A,N/A,Email,Principal,Principal,2026-08-17,2026-08-17,2026-08,2026-08-Q2,2026-08-Q2,1,2026-08,1,2026-08-Q2:427214,2026-08:427214,PENDIENTE,dia,SFMC · detalle día por día (sin jobs de prueba),1,HANDOFF-CATALOGO-RAIZ.md · SFMC,Sí,427214,J_AO-RECETAS-NESTLÉ-NC000600_1_IBS_MULT_MULT_MLT_MLTS_MX_ES_E-APP_CN_EM_A_V1_018904,N/A,N/A,NC000600,No,0,N/A,N/A,N/A,N/A,N/A,N/A,N/A,N/A,N/A,N/A,N/A,N/A,N/A,N/A,N/A,N/A,N/A,N/A,N/A,N/A,N/A,N/A,N/A,N/A,N/A,N/A,⚠ Por confirmar (segmento),N/A,"dimensiones inferidas por el equipo de SFMC (touchpoint y segmento): confirmar · objetivo: Rick, 21-ago: «APP: descarga de app»",N/A,018904,84566,N/A,N/A,N/A,N/A,N/A,Cocina más fácil: tus recetas en una app 📲,Agosto,8,N/A,N/A,N/A,N/A,N/A,N/A,N/A,N/A,N/A,N/A
RN,Recetas Nestlé,Usuarios re-enganchables: nuevos del último año que nunca han interactuado,AON,001-P030,Prevención de Churn,E-PROP2,N/A,N/A,Email,Principal,Principal,2026-08-13,2026-08-13,2026-08,2026-08-Q1,2026-08-Q1,1,2026-08,1,2026-08-Q1:42629,2026-08:42629,PENDIENTE,dia,SFMC · detalle día por día (sin jobs de prueba),1,HANDOFF-CATALOGO-RAIZ.md · SFMC,Sí,42629,J_AO-RECETAS-NESTLÉ-NC000600_1_IBS_MULT_MULT_MLT_MLTS_MX_ES_E-PROP2_EN_EM_A_V1,N/A,N/A,NC000600,No,0,N/A,N/A,N/A,N/A,N/A,N/A,N/A,N/A,N/A,N/A,N/A,N/A,N/A,N/A,N/A,N/A,N/A,N/A,N/A,N/A,N/A,N/A,N/A,N/A,N/A,N/A,⚠ Por confirmar (segmento),N/A,"dimensiones inferidas por el equipo de SFMC (touchpoint y segmento): confirmar · objetivo: Rick, 21-ago: «PROPs: prevención de churn»",N/A,PENDIENTE,84594,N/A,N/A,N/A,N/A,N/A,Te perdiste estas recetas nuevas,Agosto,8,N/A,N/A,N/A,N/A,N/A,N/A,N/A,N/A,N/A,N/A
RN,Recetas Nestlé,Usuarios re-enganchables: nuevos del último año que nunca han interactuado,AON,001-P031,Prevención de Churn,E-PROP2,N/A,N/A,Email,Follow Up,FUP,2026-08-16,2026-08-16,2026-08,2026-08-Q2,2026-08-Q2,1,2026-08,1,2026-08-Q2:38186,2026-08:38186,PENDIENTE,dia,SFMC · detalle día por día (sin jobs de prueba),1,HANDOFF-CATALOGO-RAIZ.md · SFMC,Sí,38186,J_AO-RECETAS-NESTLÉ-NC000600_1_IBS_MULT_MULT_MLT_MLTS_MX_ES_E-PROP2-FUP_EN_EM_A_V1,N/A,N/A,NC000600,No,0,N/A,N/A,N/A,N/A,N/A,N/A,N/A,N/A,N/A,N/A,N/A,N/A,N/A,N/A,N/A,N/A,N/A,N/A,N/A,N/A,N/A,N/A,N/A,N/A,N/A,N/A,⚠ Por confirmar (segmento),N/A,"dimensiones inferidas por el equipo de SFMC (touchpoint y segmento): confirmar · objetivo: Rick, 21-ago: «PROPs: prevención de churn»",N/A,PENDIENTE,84595,N/A,N/A,N/A,N/A,001-P030,"Las recetas favoritas de estos días, para ti",Agosto,8,N/A,N/A,N/A,N/A,N/A,N/A,N/A,N/A,N/A,N/A
RN,Maggi,Usuarios CON región,Liga MX,005-P005,Purchase,E-J4,N/A,N/A,Email,Principal,Principal,2026-08-15,2026-08-15,2026-08,2026-08-Q1,2026-08-Q1,1,2026-08,1,2026-08-Q1:7995,2026-08:7995,PENDIENTE,dia,SFMC · detalle día por día (sin jobs de prueba),1,HANDOFF-CATALOGO-RAIZ.md · SFMC,Sí,7995,O_Maggi-Seleccion-NC006537_NA_IBS_FOOD_MAGG_MGG_AMPZ_MX_ES_LIGAMX-J4-CONREGION_AQ_EM_A_NA_035275,N/A,N/A,NC006537,Sí,2,13,23,Botana de Jamaica,PENDIENTE,i8LZ55bd,10,N/A,N/A,Tropi MAGGI® Shot,PENDIENTE,HThaf6bT,3,N/A,N/A,N/A,N/A,N/A,N/A,N/A,N/A,N/A,N/A,N/A,N/A,N/A,N/A,⚠ Por confirmar (segmento),maestro Qcart-Links · Agosto ¦ Maggi-LigaMx-agosto26 ¦ e-j4 ¦ conregion,"dimensiones inferidas por el equipo de SFMC (campaña, touchpoint y segmento): confirmar · objetivo: Rick, 21-ago: «Liga MX son purchase»",N/A,035275,84969,N/A,N/A,2026-08-15,2026-08-15,N/A,El sábado se antoja fútbol jugoso,Agosto,8,N/A,N/A,N/A,N/A,N/A,N/A,N/A,N/A,N/A,N/A
RN,Maggi,Usuarios sin región,Liga MX,005-P006,Purchase,E-J4,N/A,N/A,Email,Principal,Principal,2026-08-15,2026-08-15,2026-08,2026-08-Q1,2026-08-Q1,1,2026-08,1,2026-08-Q1:128759,2026-08:128759,PENDIENTE,dia,SFMC · detalle día por día (sin jobs de prueba),1,HANDOFF-CATALOGO-RAIZ.md · SFMC,Sí,128759,O_Maggi-Seleccion-NC006537_NA_IBS_FOOD_MAGG_MGG_AMPZ_MX_ES_LIGAMX-J4-SINREGION_AQ_EM_A_NA_035274,N/A,N/A,NC006537,Sí,2,111,286,Nachos con carne,PENDIENTE,4tBsCXTp,59,N/A,N/A,Aceitunas Toreadas,PENDIENTE,hTHNLqzL,43,N/A,N/A,N/A,N/A,N/A,N/A,N/A,N/A,N/A,N/A,N/A,N/A,N/A,N/A,⚠ Por confirmar (segmento),maestro Qcart-Links · Agosto ¦ Maggi-LigaMx-agosto26 ¦ e-j4 ¦ sinregion,"dimensiones inferidas por el equipo de SFMC (campaña, touchpoint y segmento): confirmar · objetivo: Rick, 21-ago: «Liga MX son purchase»",N/A,035274,84970,N/A,N/A,2026-08-15,2026-08-15,N/A,El sábado se antoja fútbol jugoso,Agosto,8,N/A,N/A,N/A,N/A,N/A,N/A,N/A,N/A,N/A,N/A
Nescafé,ICE,Gen Z Cafés,The Freshers,006-P004,Awareness,E-ENRICH1,N/A,N/A,Email,Principal,Principal,2026-08-07,2026-08-14,2026-08,2026-08-Q1,2026-08-Q1,1,2026-08,1,2026-08-Q1:114358,2026-08:114358,PENDIENTE,dia,SFMC · detalle día por día (sin jobs de prueba),8,HANDOFF-CATALOGO-RAIZ.md · SFMC,Sí,114358,O_Nescafé-ICE-NC000817_2_IBS_CFEE_NESC_NCF_AAIW_MX_ES_NA_AC_EM_A_V2_024222,N/A,N/A,NC000817,No,0,N/A,N/A,N/A,N/A,N/A,N/A,N/A,N/A,N/A,N/A,N/A,N/A,N/A,N/A,N/A,N/A,N/A,N/A,N/A,N/A,N/A,N/A,N/A,N/A,N/A,N/A,⚠ Por confirmar,N/A,"dimensiones inferidas por el equipo de SFMC (campaña, touchpoint y segmento): confirmar · el handoff la llamaba «Nescafé ICE»; su Codigo_NC (NC000817) es el mismo de 006-P003 y Rick decidió que ICE es la MARCA · ICE es MARCA según Rick — ¿la campaña es The Freshers? · objetivo: su hermana 006-P001 (E-A1) en la misma campaña",N/A,024222,84655,N/A,N/A,N/A,N/A,N/A,"¿Mañana, tarde o noche? Tú eliges tu mood 🎶",Agosto,8,N/A,N/A,N/A,N/A,N/A,N/A,N/A,N/A,N/A,N/A
Nescafé,ICE,Gen Z Cafés,The Freshers,006-P005,Awareness,E-ENRICH1,N/A,N/A,Email,Follow Up,FUP,2026-08-09,2026-08-14,2026-08,2026-08-Q1,2026-08-Q1,1,2026-08,1,2026-08-Q1:72464,2026-08:72464,PENDIENTE,dia,SFMC · detalle día por día (sin jobs de prueba),6,HANDOFF-CATALOGO-RAIZ.md · SFMC,Sí,72464,O_Nescafé-ICE-NC000817_2_IBS_CFEE_NESC_NCF_AAIW_MX_ES_NA_AC_EM_FUP_A_V2_024222,N/A,N/A,NC000817,No,0,N/A,N/A,N/A,N/A,N/A,N/A,N/A,N/A,N/A,N/A,N/A,N/A,N/A,N/A,N/A,N/A,N/A,N/A,N/A,N/A,N/A,N/A,N/A,N/A,N/A,N/A,⚠ Por confirmar,N/A,"dimensiones inferidas por el equipo de SFMC (campaña, touchpoint y segmento): confirmar · idem · ICE es MARCA según Rick — ¿la campaña es The Freshers? · objetivo: su hermana 006-P001 (E-A1) en la misma campaña",N/A,024222,84697,N/A,N/A,N/A,N/A,006-P004,Tu hora fresh dice mucho de ti 👀,Agosto,8,N/A,N/A,N/A,N/A,N/A,N/A,N/A,N/A,N/A,N/A
Nescafé,Concentrate,Premium Cafés,Hackea tu café,007-P005,Purchase,E-Rit1,N/A,N/A,Email,Principal,Principal,2026-08-07,2026-08-14,2026-08,2026-08-Q1,2026-08-Q1,1,2026-08,1,2026-08-Q1:44582,2026-08:44582,PENDIENTE,dia,SFMC · detalle día por día (sin jobs de prueba),8,HANDOFF-CATALOGO-RAIZ.md · SFMC,Sí,44582,O_Nescafe-Espresso-Con-NC004682_2_IBS_CFEE_NESC_NCF_AAGW_MX_ES_NA_AC_EM_B_V2_024241,N/A,N/A,NC004682,No,0,N/A,N/A,N/A,N/A,N/A,N/A,N/A,N/A,N/A,N/A,N/A,N/A,N/A,N/A,N/A,N/A,N/A,N/A,N/A,N/A,N/A,N/A,N/A,N/A,N/A,N/A,⚠ Por confirmar (segmento),N/A,"objetivo: Rick, 21-ago: «Espresso: E-A es awareness» · era 011-P001 de la campaña «Espresso Con», que NUNCA existió (inventada 21-ago desde un valor inferido del handoff). Touchpoint y objetivo dictados por Rick.",N/A,024241,84742,N/A,N/A,N/A,N/A,N/A,Ya conoces el hack de café frío. Hazlo en casa hoy,Agosto,8,N/A,N/A,N/A,N/A,N/A,N/A,N/A,N/A,N/A,N/A
Nescafé,Concentrate,Premium Cafés,Hackea tu café,007-P006,Purchase,E-Rit1,N/A,N/A,Email,Follow Up,FUP,2026-08-12,2026-08-14,2026-08,2026-08-Q1,2026-08-Q1,1,2026-08,1,2026-08-Q1:26603,2026-08:26603,PENDIENTE,dia,SFMC · detalle día por día (sin jobs de prueba),3,HANDOFF-CATALOGO-RAIZ.md · SFMC,Sí,26603,O_Nescafe-Espresso-Con-NC004682_2_IBS_CFEE_NESC_NCF_AAGW_MX_ES_NA_AC_EM_FUP_B_V2_024241,N/A,N/A,NC004682,No,0,N/A,N/A,N/A,N/A,N/A,N/A,N/A,N/A,N/A,N/A,N/A,N/A,N/A,N/A,N/A,N/A,N/A,N/A,N/A,N/A,N/A,N/A,N/A,N/A,N/A,N/A,⚠ Por confirmar (segmento),N/A,"objetivo: Rick, 21-ago: «Espresso: E-A es awareness» · era 011-P002 de la campaña «Espresso Con», que NUNCA existió (inventada 21-ago desde un valor inferido del handoff). Touchpoint y objetivo dictados por Rick.",N/A,024241,84747,N/A,N/A,N/A,N/A,007-P005,"Tu café frío hackeado, a un clic de casa",Agosto,8,N/A,N/A,N/A,N/A,N/A,N/A,N/A,N/A,N/A,N/A
Nescafé,Concentrate,Premium Cafés,Hackea tu café,007-P007,Purchase,E-Rit2,N/A,N/A,Email,Principal,Principal,2026-08-15,2026-08-15,2026-08,2026-08-Q1,2026-08-Q1,1,2026-08,1,2026-08-Q1:41998,2026-08:41998,PENDIENTE,dia,SFMC · detalle día por día (sin jobs de prueba),1,HANDOFF-CATALOGO-RAIZ.md · SFMC,Sí,41998,O_Nescafe-Espresso-Con-NC004682_1_IBS_CFEE_NESC_NCF_AAGW_MX_ES_NA_AC_EM_C_V3_024242,N/A,N/A,NC004682,No,0,N/A,N/A,N/A,N/A,N/A,N/A,N/A,N/A,N/A,N/A,N/A,N/A,N/A,N/A,N/A,N/A,N/A,N/A,N/A,N/A,N/A,N/A,N/A,N/A,N/A,N/A,⚠ Por confirmar (segmento),N/A,"objetivo: Rick, 21-ago: «Espresso: E-A es awareness» · era 011-P003 de la campaña «Espresso Con», que NUNCA existió (inventada 21-ago desde un valor inferido del handoff). Touchpoint y objetivo dictados por Rick.",N/A,024242,84984,N/A,N/A,N/A,N/A,N/A,El calor pide un café frío hackeado. Prepáralo,Agosto,8,N/A,N/A,N/A,N/A,N/A,N/A,N/A,N/A,N/A,N/A
Nescafé,ICE,Gen Z Cafés,The Freshers,006-P006,Purchase,E-P1,N/A,N/A,Email,Principal,Principal,2026-08-13,2026-08-13,2026-08,2026-08-Q1,2026-08-Q1,1,2026-08,1,2026-08-Q1:104701,2026-08:104701,POR DEFINIR,dia,SFMC · detalle día por día (sin jobs de prueba),1,SFMC · CRM_Email_Piezas,Sí,104701,O_Nescafé-ICE-NC000817_3_IBS_CFEE_NESC_NCF_AAIW_MX_ES_NA_AC_EM_C_V3_024243,POR DEFINIR,POR DEFINIR,NC000817,No,0,N/A,N/A,N/A,N/A,N/A,N/A,N/A,N/A,N/A,N/A,N/A,N/A,N/A,N/A,N/A,N/A,N/A,N/A,N/A,N/A,N/A,N/A,N/A,N/A,N/A,N/A,⚠ Por confirmar (objetivo · segmento),N/A,"Alta declarada por Rick en chat el 27-ago-2026. El SEGMENTO se hereda de las otras piezas de email de The Freshers (todas Gen Z Cafés) — derivado, no declarado. El OBJETIVO va POR DEFINIR: deducirlo de «ENRICH» sería inferir del naming. Sin códigos en el maestro de links → Tiene_Qcart=No.",N/A,024243,84936,N/A,N/A,N/A,N/A,N/A,"Entre más Fresh, más oportunidades para el Festival Vaivén 🎟️",Agosto,8,N/A,N/A,N/A,N/A,N/A,N/A,N/A,N/A,N/A,N/A
RN,Recetas Nestlé,Tibios,AON,001-P032,Usuarios Tibios,E-PROP1,N/A,N/A,Email,Principal,Principal,2026-08-24,2026-09-03,2026-08,2026-08-Q2,2026-08-Q2 ; 2026-09-Q1,2,2026-08 ; 2026-09,2,2026-08-Q2:163085 ; 2026-09-Q1:1174681,2026-08:163085 ; 2026-09:1174681,POR DEFINIR,dia,SFMC · detalle día por día (sin jobs de prueba),11,SFMC · CRM_Email_Piezas,Sí,1337766,MX_O_EM_FOOD_NC-000600_IBS_3018905 · O_NC-000600_NA_IBS_FOOD_NEST_L73_ANNF_MX_ES_DE_Audience_RN_AON_E-PROP1_EM_3018905,O_NC-000600_NA_IBS_FOOD_NEST_L73_ANNF_MX_ES_DE_Audience_RN_AON_E-PROP1_EM_3018905,2,NC-000600,No,0,N/A,N/A,N/A,N/A,N/A,N/A,N/A,N/A,N/A,N/A,N/A,N/A,N/A,N/A,N/A,N/A,N/A,N/A,N/A,N/A,N/A,N/A,N/A,N/A,N/A,N/A,⚠ Por confirmar (objetivo · segmento),N/A,"Alta declarada por Rick en chat el 27-ago-2026. Su hermano E-PROP2 (001-P030/P031) es «Prevención de Churn» y E-APP (001-P029) es «Descarga App» — no se hereda ninguno: elegir uno sería adivinar. El NOMBRE tiene otro formato que el resto de AON (MX_O_EM_… en vez de J_AO-RECETAS-NESTLÉ-…) y otro ID (3018905 vs 803867): es pieza distinta, no variante.",N/A,3018905,84562,POR DEFINIR,N/A,N/A,N/A,N/A,¿Cocinamos algo rico hoy? Tenemos ideas nuevas,Agosto,8,N/A,N/A,N/A,N/A,N/A,N/A,N/A,N/A,N/A,N/A
RN,Maggi,Usuarios sin región,Liga MX,005-P007,Purchase,E-J5,N/A,N/A,Email,Principal,Principal,2026-08-22,2026-08-22,2026-08,2026-08-Q2,2026-08-Q2,1,2026-08,1,2026-08-Q2:43188,2026-08:43188,POR DEFINIR,dia,SFMC · detalle día por día (sin jobs de prueba),1,SFMC · CRM_Email_Piezas,Sí,43188,O_Maggi-Seleccion-NC006537_1_IBS_FOOD_MAGG_MGG_AMPZ_MX_ES_J5-SINREGION_CN_EM_A_V1_043381,POR DEFINIR,POR DEFINIR,NC006537,Sí,2,0,0,Botana de Carnes,POR DEFINIR,9isauWgY,0,N/A,N/A,MAGGI® Shots / Cerdito enchilado,POR DEFINIR,Hqa0fbOM,0,N/A,N/A,N/A,N/A,N/A,N/A,N/A,N/A,N/A,N/A,N/A,N/A,N/A,N/A,Declarado por Rick,maestro Qcart-Links · Agosto ¦ Maggi-LigaMx-agosto26 ¦ e-j5 ¦ sinregion,"Alta declarada por Rick en chat el 27-ago-2026. TOUCHPOINT E-J5 por la AUTORIDAD (Rick), no por el naming. Objetivo Purchase heredado de E-J4 (005-P005/P006), que Rick declaró «mismo caso». Qcart leído del maestro por SHORTLINK: e-j5/sinregion → 9isauWgY (Botana de Carnes) y Hqa0fbOM (Cerdito enchilado). Hoy 0 carritos: los links existen y aún no generan eventos.",N/A,043381,85166,N/A,N/A,2026-08-22,2026-08-22,N/A,Sábado de partidos y algo riqui,Agosto,8,N/A,N/A,N/A,N/A,N/A,N/A,"9isauWgY, Hqa0fbOM",N/A,N/A,N/A
RN,Maggi,Usuarios CON región,Liga MX,005-P008,Purchase,E-J5,N/A,N/A,Email,Principal,Principal,2026-08-22,2026-08-22,2026-08,2026-08-Q2,2026-08-Q2,1,2026-08,1,2026-08-Q2:2708,2026-08:2708,POR DEFINIR,dia,SFMC · detalle día por día (sin jobs de prueba),1,SFMC · CRM_Email_Piezas,Sí,2708,O_Maggi-Seleccion-NC006537_1_IBS_FOOD_MAGG_MGG_AMPZ_MX_ES_J5-CONREGION_CN_EM_A_V1_043382,POR DEFINIR,POR DEFINIR,NC006537,Sí,2,1,1,Esquites MAGGI®,POR DEFINIR,UhCnTNuz,0,N/A,N/A,Dip de Pimiento Rostizado,POR DEFINIR,TYZa8g47,1,N/A,N/A,N/A,N/A,N/A,N/A,N/A,N/A,N/A,N/A,N/A,N/A,N/A,N/A,Declarado por Rick,maestro Qcart-Links · Agosto ¦ Maggi-LigaMx-agosto26 ¦ e-j5 ¦ conregion,"Alta declarada por Rick en chat el 27-ago-2026. TOUCHPOINT E-J5 por la AUTORIDAD. Qcart por SHORTLINK: e-j5/conregion → UhCnTNuz (Esquites) y TYZa8g47 (Dip de Pimiento). ⚠ TYZa8g47 aparece TAMBIÉN bajo e-p4/ligamx en el maestro: hoy 0 carritos, pero si llegan no se podrán separar por shortlink. Declarado, no resuelto.",N/A,043382,85190,N/A,N/A,2026-08-22,2026-08-22,N/A,Sábado de partidos y algo riqui,Agosto,8,N/A,N/A,N/A,N/A,N/A,N/A,"UhCnTNuz, TYZa8g47",N/A,N/A,N/A
RN,Maggi,Modern Cooking,Mundial,004-P020,Purchase,E-P2,e-cooking2,N/A,Email,Principal,POR DEFINIR,POR DEFINIR,POR DEFINIR,POR DEFINIR,2026-06-Q2,POR DEFINIR,POR DEFINIR,POR DEFINIR,POR DEFINIR,POR DEFINIR,POR DEFINIR,POR DEFINIR,POR DEFINIR,POR DEFINIR,POR DEFINIR,SFMC · CRM_Email_Piezas,Sí,POR DEFINIR,POR DEFINIR,POR DEFINIR,POR DEFINIR,NC006537,No,4,0,0,Alitas agridulces,POR DEFINIR,LJQsq5T9,0,N/A,N/A,Alitas Agridulces,POR DEFINIR,N/A,N/A,3NIh2kYW,0,Hambuguesa Perfecta,POR DEFINIR,ZJ3SmPMy,0,N/A,N/A,Hambuguesa Perfecta,POR DEFINIR,N/A,N/A,wdvsBDby,0,"Retirada · el envío nunca salió (Rick, 15-sep-2026) — sus carritos NO cuentan",maestro Qcart-Links · Junio ¦ maggi-junio26 ¦ e-cooking-alitas ¦ new-cooking,"EL ENVÍO NUNCA SALIÓ — Rick lo confirmó el 15-sep-2026: «ya recordé, nunca salió, esos carritos no deben de contar». La pieza nació el 27-ago de una lectura del maestro: junio declaraba los links del bloque `e-cooking2 · new-cooking` y de ahí se dedujo un correo que no existe. Comprobado contra SFMC el 15-sep: de Mundial E-P2 la DE publica solo Bebidas (14,117 envíos) y Botana (75,518); ninguna de Modern Cooking. SUS DATOS: los 4 shortlinks (LJQsq5T9 · 3NIh2kYW · ZJ3SmPMy · wdvsBDby) quedaron declarados en `_contratos/exclusiones.json`, y sus 49 carritos y 4 productos apartados —no borrados— en `_fuentes/qcart-excluidos.json`. Si algún día se demuestra que sí salió, se devuelven. LA FILA SE CONSERVA a propósito: es el registro de que se declararon links para un envío que no ocurrió; borrarla haría que el próximo que lea el maestro de junio vuelva a deducir la misma pieza.",N/A,POR DEFINIR,POR DEFINIR,N/A,N/A,2026-06-10,2026-06-10,N/A,POR DEFINIR,POR DEFINIR,POR DEFINIR,N/A,N/A,N/A,N/A,N/A,N/A,"LJQsq5T9, 3NIh2kYW, ZJ3SmPMy, wdvsBDby",N/A,N/A,N/A
RN,Maggi,Usuarios CON región,Liga MX,005-P009,Purchase,E-J6,e-j6,N/A,Email,Principal,Principal,2026-08-28,2026-08-28,2026-08,2026-08-Q2,2026-08-Q2,1,2026-08,1,2026-08-Q2:2733,2026-08:2733,POR DEFINIR,dia,SFMC · detalle día por día (sin jobs de prueba),1,"Rick en chat, 3-sep-2026 · Qcart-Links Mails-Hive- MX.xlsx (Agosto f13-f14)",Sí,2733,O_Maggi-Seleccion-NC006537_NA_IBS_FOOD_MAGG_MGG_AMPZ_MX_ES_LIGAMX-J6-REGION-SUR_AQ_EM_A_NA_048423 · O_Maggi-Seleccion-NC006537_NA_IBS_FOOD_MAGG_MGG_AMPZ_MX_ES_LIGAMX-J6-REGION-SUR_AQ_EM_A_NA_035275,O_Maggi-Seleccion-NC006537_NA_IBS_FOOD_MAGG_MGG_AMPZ_MX_ES_LIGAMX-J6-REGION-SUR_AQ_EM_A_NA_035275,2,NC006537,Sí,2,2,2,Brochetas de Pollo con Salsa de Piña,POR DEFINIR,BdN0ck7t,1,N/A,N/A,Cebollitas Maggi®,POR DEFINIR,okUSdwJk,1,N/A,N/A,N/A,N/A,N/A,N/A,N/A,N/A,N/A,N/A,N/A,N/A,N/A,N/A,⚠ Por confirmar (sends: la data de email la trae otra sesión),maestro Qcart-Links · Agosto ¦ Maggi-LigaMx-agosto26 ¦ e-j6 ¦ conregion,"Alta declarada por Rick el 3-sep-2026. TOUCHPOINT E-J6 por la AUTORIDAD, no por el naming. Segmento homologado a «Usuarios CON región» igual que E-J4 y E-J5 —el doc dice conregion— y «Región Sur · Partición C» va en el subsegmento, para no perder la precisión de Rick ni romper el cruce con el alias. Qcart por SHORTLINK del maestro: e-j6/conregion → BdN0ck7t (Brochetas de Pollo con Salsa de Piña) y okUSdwJk (Cebollitas Maggi), fecha de envío 28/08 → quincena 2026-08-Q2. Sends PENDIENTE: la DE de SFMC todavía no la trae.",Región Sur · Partición C,048423,85340,N/A,N/A,2026-08-28,2026-08-28,N/A,Lo más jugosooo en tu mesa,Agosto,8,N/A,N/A,N/A,N/A,N/A,N/A,"BdN0ck7t, okUSdwJk",N/A,N/A,N/A
RN,Recetas Nestlé,Tibios,AON,001-P033,Usuarios Tibios,E-PROP1,N/A,N/A,Email,Follow Up,FUP,2026-08-27,2026-09-03,2026-08,2026-08-Q2,2026-08-Q2 ; 2026-09-Q1,2,2026-08 ; 2026-09,2,2026-08-Q2:156008 ; 2026-09-Q1:2048,2026-08:156008 ; 2026-09:2048,POR DEFINIR,dia,SFMC · detalle día por día (sin jobs de prueba),8,SFMC · CRM_Email_Piezas,Sí,158056,O_NC-000600_NA_IBS_FOOD_NEST_L73_ANNF_MX_ES-FUP__DE_Audience_RN_AON_E-PROP1_EM_3018905,POR DEFINIR,POR DEFINIR,NC-000600,No,0,N/A,N/A,N/A,N/A,N/A,N/A,N/A,N/A,N/A,N/A,N/A,N/A,N/A,N/A,N/A,N/A,N/A,N/A,N/A,N/A,N/A,N/A,N/A,N/A,N/A,N/A,⚠ Por confirmar (objetivo),N/A,"Alta derivada de SFMC el 4-sep-2026, no declarada por Rick en el chat: la DE CRM_Email_Piezas trae esta pieza con ConfigKey TMP-RN-AON-PROP1-FUP, Es_FUP=Si y 158,056 envios entre el 27-ago y el 3-sep, y ninguna pieza del catalogo la recibia. Su Principal es 001-P032 (mismo Codigo_NC, mismo touchpoint, mismo segmento, mismo ID final 3018905), asi que se DECLARA con Pieza_Principal_ID en vez de deducirlo: un FUP sale en otra quincena que su Principal y deducirlo por fecha falla. El OBJETIVO va POR DEFINIR igual que en 001-P032 — heredarlo de un hermano seria adivinar. Sin codigos en el maestro de links → Tiene_Qcart=No.",N/A,3018905,84565,POR DEFINIR,N/A,N/A,N/A,001-P032,Tu próxima receta favorita te espera,Agosto,8,N/A,N/A,N/A,N/A,N/A,N/A,N/A,N/A,N/A,N/A
RN,Maggi,Región unificada,Liga MX,005-P010,Purchase,E-J7,e-j7,N/A,Email,Principal,Principal,2026-09-04,2026-09-04,2026-09,2026-09-Q1,2026-09-Q1,1,2026-09,1,2026-09-Q1:91580,2026-09:91580,POR DEFINIR,dia,SFMC · detalle día por día (sin jobs de prueba),1,"Rick en chat, 9-sep-2026 · Qcart-Links Mails-Hive- MX.xlsx (Septiembre f5-f6)",Sí,91580,O_Maggi-Seleccion-NC006537_NA_IBS_FOOD_MAGG_MGG_AMPZ_MX_ES_LIGAMX-J7_AQ_EM_A_NA_0359270 · O_Maggi-Seleccion-NC006537_NA_IBS_FOOD_MAGG_MGG_AMPZ_MX_ES_LIGAMX-J7-B-C_AQ_EM_A_NA_0359270,O_Maggi-Seleccion-NC006537_NA_IBS_FOOD_MAGG_MGG_AMPZ_MX_ES_LIGAMX-J7-B-C_AQ_EM_A_NA_0359270,2,NC006537,Sí,2,13,15,Aceitunas Toreadas,POR DEFINIR,hTHNLqzL,8,N/A,N/A,Papas Nacho,POR DEFINIR,GQnvqqP3,3,N/A,N/A,N/A,N/A,N/A,N/A,N/A,N/A,N/A,N/A,N/A,N/A,N/A,N/A,Declarado por Rick · segmento confirmado 9-sep,maestro Qcart-Links · Septiembre ¦ Maggi-LigaMx-agosto26 ¦ e-j7 ¦ regionunificada,"Alta declarada por Rick el 9-sep-2026. TOUCHPOINT E-J7 por la AUTORIDAD y confirmado por el maestro (e-j7). SEGMENTO «Región unificada» tomado del maestro (regionunificada): NO se homologó a «Usuarios CON región» ni a «sin región» como en E-J6, porque unificaron las particiones y es una audiencia distinta — homologarla sería deducir (R1) y rompería la comparación entre jornadas. Qcart por SHORTLINK del maestro: e-j7/regionunificada → hTHNLqzL (Aceitunas Toreadas) y GQnvqqP3 (Papas Nacho), ambos Walmart, fecha de envío serial 46269 = 04/09 → quincena 2026-09-Q1. SENDS Y TODAS LAS MÉTRICAS POR DEFINIR: verificado el 9-sep contra las dos DEs de SFMC (refresh 9/9 00:22) que NO tienen ninguna fila de LIGAMX-J7. Va POR DEFINIR y no 0 a propósito: un cero afirmaría que no se envió.",N/A,0359270,85487,N/A,N/A,2026-08-15,2026-08-15,N/A,Prepárate esta delicia jugocita,Septiembre,9,N/A,N/A,N/A,N/A,N/A,N/A,"hTHNLqzL, GQnvqqP3",N/A,N/A,N/A
RN,Maggi,Región unificada,Liga MX,005-P011,Purchase,WA-J8,wa-j8,N/A,WhatsApp,Principal,one-shot,2026-09-12,2026-09-12,2026-09,2026-09-Q1,2026-09-Q1,1,2026-09,1,2026-09-Q1:1962,2026-09:1962,POR DEFINIR,dia,hoja «Maggi Liga MX» de (Interno) Resultados Whatsapp CRM 2026.xlsx · fechado al día,1,"Rick en chat, 14-sep-2026 · (Interno) Resultados Whatsapp CRM 2026.xlsx hoja «Maggi Liga MX» · Qcart-Links Mails-Hive- MX.xlsx (Septiembre)",Sí,1962,N/A,N/A,N/A,NC006537,Sí,1,5,13,Sarten Queso Jalapeño,POR DEFINIR,DTuqPqBo,4,N/A,N/A,N/A,N/A,N/A,N/A,N/A,N/A,N/A,N/A,N/A,N/A,N/A,N/A,N/A,N/A,N/A,N/A,N/A,N/A,Declarado por Rick · 14-sep-2026,maestro Qcart-Links · Septiembre ¦ Maggi-LigaMx-agosto26 ¦ wa-j8 ¦ regionunificada-part-a-wa,"Alta declarada por Rick el 14-sep-2026. DOS journeys de WhatsApp en UNA pieza: …LALIGA-JORNADA-4PM…065900 y …LALIGA-JORNADA-5PM…065900. Se unen porque el maestro trae UN SOLO shortlink para wa-j8 (DTuqPqBo) y los carritos de un link no se pueden repartir entre dos piezas sin inventar el reparto — mismo criterio que DESPERTAR 2 (008-P008). La fuente sí separa los dos envíos (985 y 977 = 1,962), así que Data_WhatsApp lleva DOS filas con este Pieza_ID: su grano es el ENVÍO, no la pieza. SEGMENTO homologado a «Región unificada» (la audiencia que estrenó J7) con la partición en el subsegmento; el sufijo -wa del maestro es el CANAL, no el segmento. CLICKS_MEDIDOS = Sí porque Rick declaró el 14-sep que los clicks de WhatsApp salen de los CARRITOS de Qcart: «Clicks debes sacarlos de qcart carritos ok? en caso de j8».",Partición A,065900,N/A,N/A,N/A,2026-09-12,2026-09-12,N/A,N/A,Septiembre,9,N/A,N/A,N/A,N/A,N/A,N/A,DTuqPqBo,O_Maggi-Seleccion-NC006537_1_IBS_FOOD_MAGG_MGG_AMPZ_MX_ES_LALIGA-JORNADA-4PM_CN_WA_A_V1_065900,O_Maggi-Seleccion-NC006537_1_IBS_FOOD_MAGG_MGG_AMPZ_MX_ES_LALIGA-JORNADA-5PM_CN_WA_A_V1_065900,2
RN,Maggi,Región unificada,Liga MX,005-P012,Purchase,E-J8,e-j8,N/A,Email,Principal,Principal,2026-09-12,2026-09-12,2026-09,2026-09-Q1,2026-09-Q1,1,2026-09,1,2026-09-Q1:38168,2026-09:38168,POR DEFINIR,dia,SFMC · detalle día por día (sin jobs de prueba),1,"Rick en chat, 14-sep-2026 · Qcart-Links Mails-Hive- MX.xlsx (Septiembre f7-f8)",Sí,38168,O_Maggi-Seleccion-NC006537_1_IBS_FOOD_MAGG_MGG_AMPZ_MX_ES_LALIGA-J8-SAB_CN_EM_A_V1_069127 · O_Maggi-Seleccion-NC006537_NA_IBS_FOOD_MAGG_MGG_AMPZ_MX_ES_LIGAMX-J7-B-C_AQ_EM_A_NA_0359270 - 202609,O_Maggi-Seleccion-NC006537_NA_IBS_FOOD_MAGG_MGG_AMPZ_MX_ES_LIGAMX-J7-B-C_AQ_EM_A_NA_0359270 - 202609,2,NC006537,Sí,2,5,4,Nachos con carne / Nachos MAGGI,POR DEFINIR,0oSrtaxX,2,N/A,N/A,Sarten Queso Jalapeño,POR DEFINIR,0eQt7uf5,1,N/A,N/A,N/A,N/A,N/A,N/A,N/A,N/A,N/A,N/A,N/A,N/A,N/A,N/A,Confirmado · SFMC publicó J8 el 14-sep-2026,maestro Qcart-Links · Septiembre ¦ Maggi-LigaMx-agosto26 ¦ e-j8 ¦ regionunificada-part-a,"Alta declarada por Rick el 14-sep-2026; SFMC la publicó ese mismo día a las 18:45 y con esto queda cerrada. NOMBRE: la DE publica J8 bajo el EmailName de J7 más el sufijo « - 202609» (operación reusó el asset) mientras el Journey_Name sí dice LALIGA-J8-SAB…069127 — Rick lo avisó antes de que llegara el dato. Se guardan los dos nombres; el cruce de email es por diccionario EXACTO, así que el nombre de J7 sigue apuntando solo a 005-P010. DATOS: ConfigKey TMP-MAGGI-J8 · Email_ID 85752 · 4 jobs = 3 pruebas del 11-sep (1 envío cada una, las descuenta la cadena) + el envío real del 12-sep con 38,168. QUINCENA corregida de Q2 a Q1 el 14-sep: el envío real fue el 12 y día 1–15 es Q1; el Q2 anterior venía de una nota del maestro previa a la corrección de fechas de Rick. Qcart por SHORTLINK: e-j8/regionunificada-part-a → 0oSrtaxX (Nachos con carne) y 0eQt7uf5 (Sarten Queso Jalapeño), ambos activos desde el 12-sep.",Partición A,069127,85752,N/A,N/A,2026-09-12,2026-09-12,N/A,Un clásico delicioso en tu mesa,Septiembre,9,N/A,N/A,N/A,N/A,N/A,N/A,"0oSrtaxX, 0eQt7uf5",N/A,N/A,N/A
RN,Maggi,Región unificada,Liga MX,005-P013,Purchase,WA-J9,wa-j9,N/A,WhatsApp,Principal,one-shot,2026-09-19,2026-09-19,POR DEFINIR,2026-09-Q2,POR DEFINIR,POR DEFINIR,POR DEFINIR,POR DEFINIR,POR DEFINIR,POR DEFINIR,POR DEFINIR,POR DEFINIR,POR DEFINIR,POR DEFINIR,POR DEFINIR,Sí,POR DEFINIR,N/A,N/A,N/A,NC006537,Sí,1,POR DEFINIR,POR DEFINIR,Alitas Salsa Mango,POR DEFINIR,ymh2OT4x,POR DEFINIR,POR DEFINIR,POR DEFINIR,N/A,N/A,N/A,N/A,N/A,N/A,N/A,N/A,N/A,N/A,N/A,N/A,N/A,N/A,N/A,N/A,N/A,N/A,⚠ Por confirmar (objetivo heredado de la campaña),maestro Qcart-Links · Septiembre ¦ Maggi-LigaMx-sep26 ¦ wa-j9 ¦ regionunificada-part-b-wa,"Alta del 22-sep-2026. La fuente la publica en DOS envíos (4PM y 5PM) que suman 2,560 enviados; el Whatsapp_Name canónico es el de las 4PM y el de las 5PM va en variantes, igual que en 005-P011. El OBJETIVO se hereda de la campaña (las 8 piezas de Liga MX son Purchase), no lo dice la fuente. El SEGMENTO es «Región unificada» como su hermana: la partición A/B vive en la hoja Maggi Reporte, no en el catálogo. Shortlink ymh2OT4x (receta «Alitas con salsa mango habanero al horno»), 17 carritos medidos en el crudo de Qcart.",N/A,N/A,N/A,N/A,N/A,POR DEFINIR,POR DEFINIR,N/A,N/A,POR DEFINIR,POR DEFINIR,N/A,N/A,N/A,N/A,N/A,N/A,ymh2OT4x,O_Maggi-Seleccion-NC006537_1_IBS_FOOD_MAGG_MGG_AMPZ_MX_ES_LALIGA-J9-4PM_CN_WA_A_V1_074969,O_Maggi-Seleccion-NC006537_1_IBS_FOOD_MAGG_MGG_AMPZ_MX_ES_LALIGA-J9-5PM_CN_WA_A_V1_074969,POR DEFINIR
RN,Maggi,Región unificada,Liga MX,005-P014,Purchase,E-J9,e-j9,N/A,Email,Principal,Principal,2026-09-19,2026-09-19,2026-09,2026-09-Q2,POR DEFINIR,POR DEFINIR,POR DEFINIR,POR DEFINIR,POR DEFINIR,POR DEFINIR,POR DEFINIR,POR DEFINIR,POR DEFINIR,POR DEFINIR,POR DEFINIR,POR DEFINIR,POR DEFINIR,O_Maggi-Seleccion-NC006537_NA_IBS_FOOD_MAGG_MGG_AMPZ_MX_ES_LIGAMX-J9-B-C_AQ_EM_A_NA_3074970,POR DEFINIR,POR DEFINIR,NC006537,Sí,2,POR DEFINIR,POR DEFINIR,Alitas Salsa Mango,POR DEFINIR,bfQ24tDq,POR DEFINIR,POR DEFINIR,POR DEFINIR,Tropi Maggi,POR DEFINIR,xTaSfQ2y,POR DEFINIR,POR DEFINIR,POR DEFINIR,N/A,N/A,N/A,N/A,N/A,N/A,N/A,N/A,N/A,N/A,N/A,N/A,⚠ Por confirmar (objetivo heredado de la campaña),maestro Qcart-Links · Septiembre ¦ Maggi-LigaMx-sep26 ¦ e-j9 ¦ regionunificada-part-b-email,"Alta del 22-sep-2026 a petición de Rick. SFMC: 40,130 envíos · 39,804 entregados · 15,080 aperturas · 86 clicks · 27 bajas, el 19-sep, asunto «El clásico de clásicos también se juega en la mesa» (Email_ID 86026). Los 40,132 que aparecen en la DE agregada incluyen DOS jobs de prueba de 1 envío del 18-sep. 🔴 En la DE su ConfigKey es `TMP-MAGGI-J9`, un provisional: si el bloque de email no la empareja, hay que corregir esa llave en origen. El OBJETIVO se hereda de la campaña (las 8 piezas de Liga MX son Purchase). Shortlinks bfQ24tDq («Alitas con salsa mango habanero al horno») y xTaSfQ2y («Tropi MAGGI® Shot»).",N/A,3074970,POR DEFINIR,N/A,N/A,POR DEFINIR,POR DEFINIR,N/A,POR DEFINIR,POR DEFINIR,POR DEFINIR,N/A,N/A,N/A,N/A,N/A,N/A,"bfQ24tDq, xTaSfQ2y",N/A,N/A,N/A
RN,Maggi,Región unificada,Liga MX,005-P015,Purchase,E-J10,e-j10,N/A,Email,Principal,Principal,2026-09-26,2026-09-26,2026-09,2026-09-Q2,POR DEFINIR,POR DEFINIR,POR DEFINIR,POR DEFINIR,POR DEFINIR,POR DEFINIR,POR DEFINIR,POR DEFINIR,POR DEFINIR,POR DEFINIR,POR DEFINIR,POR DEFINIR,POR DEFINIR,O_Maggi-Seleccion-NC006537_NA_IBS_FOOD_MAGG_MGG_AMPZ_MX_ES_LIGAMX-J10_AQ_EM_A_NA_30794109,POR DEFINIR,POR DEFINIR,NC006537,Sí,2,POR DEFINIR,POR DEFINIR,POR DEFINIR,POR DEFINIR,kzSTHGEd,POR DEFINIR,POR DEFINIR,POR DEFINIR,POR DEFINIR,POR DEFINIR,jhMxJiSo,POR DEFINIR,POR DEFINIR,POR DEFINIR,N/A,N/A,N/A,N/A,N/A,N/A,N/A,N/A,N/A,N/A,N/A,N/A,⚠ Por confirmar (objetivo heredado de la campaña · Qcart sin resolver),POR DEFINIR,"Alta del 29-sep-2026 a petición de Rick. SFMC (DE CRM_Email_Detalle, job 1316469 del 26-sep): 39,735 envíos · 39,355 entregados · 16,006 aperturas · 102 clicks · 380 rebotes · 29 bajas. Asunto «Tu alineación para hoy: fútbol + algo deli» (Email_ID 86203). 🔴 Los 39,738 de la DE agregada incluyen TRES jobs de prueba de 1 envío (24 y 25-sep), y por eso su Fecha_Primer_Envio dice 24-sep en vez del 26 real. 🔴 En la DE su ConfigKey es el provisional `TMP-MAGGI-J10` y su PiezaID viene «*por definir», igual que pasó con J9. El SEGMENTO «Región unificada» no se dedujo del naming: coincide en las 5 piezas de Liga MX desde J7 y el utm_term del tráfico dice literalmente «regionunificada-part-c-email». El OBJETIVO se hereda de la campaña. QCART: el maestro actualizado el 29-sep declara sus dos shortlinks kzSTHGEd («Dips Botaneros») y jhMxJiSo («Pepimiche»), bloque e-j10, fecha de envío 25-sep. De sus 39 carritos entran 14 (del 25-sep en adelante) y se descartan 25 por ser anteriores a la activación — declarados por el filtro, no borrados. Su hermana de WhatsApp es 005-P016 (WA-J10), con su propio shortlink uCV8KGHm.",N/A,30794109,POR DEFINIR,N/A,N/A,POR DEFINIR,POR DEFINIR,N/A,POR DEFINIR,POR DEFINIR,POR DEFINIR,N/A,N/A,N/A,N/A,N/A,N/A,POR DEFINIR,N/A,N/A,N/A
RN,Maggi,Región unificada,Liga MX,005-P016,Purchase,WA-J10,wa-j10,N/A,WhatsApp,Principal,one-shot,2026-09-24,2026-09-26,2026-09,2026-09-Q2,POR DEFINIR,POR DEFINIR,POR DEFINIR,POR DEFINIR,POR DEFINIR,POR DEFINIR,POR DEFINIR,POR DEFINIR,POR DEFINIR,POR DEFINIR,POR DEFINIR,Sí,POR DEFINIR,N/A,N/A,N/A,NC006537,Sí,1,POR DEFINIR,POR DEFINIR,POR DEFINIR,POR DEFINIR,uCV8KGHm,POR DEFINIR,POR DEFINIR,POR DEFINIR,N/A,N/A,N/A,N/A,N/A,N/A,N/A,N/A,N/A,N/A,N/A,N/A,N/A,N/A,N/A,N/A,N/A,N/A,⚠ Por confirmar (sin métricas de envío: la fuente de WhatsApp llega hasta J9),POR DEFINIR,"Alta del 29-sep-2026. Nombre declarado por Rick en el chat; su hermana de email es 005-P015 (E-J10) y los ids finales son consecutivos: 089419 WhatsApp / 089420 email. FECHA 24-sep del maestro de links (serial 46289), que es la autoridad — no de la fuente de WhatsApp, que todavía no publica J10. 🔴 SIN ENVÍOS NI LEÍDOS: (Interno) Resultados Whatsapp CRM 2026.xlsx es del 22-sep y su hoja «Maggi Liga MX» llega hasta J9. Van POR DEFINIR, no 0, hasta que Leslie actualice. Qcart: shortlink uCV8KGHm, receta «Papitas elote», Walmart — 7 filas = 8 carritos entre el 24 y el 27-sep. CLICKS_MEDIDOS=Sí por la regla que Rick declaró el 14-sep para todo WhatsApp con Qcart («los clicks debes sacarlos de qcart carritos»), la misma de 005-P011 y 005-P013. 🔴 Esta pieza la destapó la PUERTA 2 al cerrar por 8 carritos sin dueño, no una revisión: sin ella esos carritos no aparecían en ningún reporte.",N/A,N/A,N/A,N/A,N/A,POR DEFINIR,POR DEFINIR,N/A,N/A,POR DEFINIR,POR DEFINIR,N/A,N/A,N/A,N/A,N/A,N/A,POR DEFINIR,O_Maggi-Seleccion-NC006537_1_IBS_FOOD_MAGG_MGG_AMPZ_MX_ES_LALIGA-J10-JUE_CN_WA_A_V1_089419,O_Maggi-Seleccion-NC006537_1_IBS_FOOD_MAGG_MGG_AMPZ_MX_ES_LALIGA-J10-SAB-12PM_CN_WA_A_V1_089420 · O_Maggi-Seleccion-NC006537_1_IBS_FOOD_MAGG_MGG_AMPZ_MX_ES_LALIGA-J10-SAB-2PM_CN_WA_A_V1_089420,POR DEFINIR
Nescafé,Concentrate,Premium Cafés,Hackea tu café,007-P008,Awareness,E-Hack3,N/A,N/A,Email,Principal,one-shot,2026-09-22,2026-09-22,2026-09,2026-09-Q2,2026-09-Q2,1,2026-09,1,POR DEFINIR,POR DEFINIR,POR DEFINIR,POR DEFINIR,SFMC · detalle día por día (sin jobs de prueba),1,SFMC · sfmc-detalle-2026-10-07.txt,Sí,37907,O_Nescafe-Espresso-Con-NC004682_4_IBS_CFEE_NESC_NCF_AAGW_MX_ES_NA_AC_EM_C_V1_048416,N/A,POR DEFINIR,NC004682,No,0,N/A,N/A,N/A,N/A,N/A,N/A,N/A,N/A,N/A,N/A,N/A,N/A,N/A,N/A,N/A,N/A,N/A,N/A,N/A,N/A,N/A,N/A,N/A,N/A,N/A,N/A,⚠ Por confirmar (alta del 7-oct-2026),POR DEFINIR,"Rick, 6-oct-2026: «Hack3». Blast del 22-sep, 37,907 envíos reales. Email_ID 85414, journey 048416. El SEGMENTO se hereda de las otras piezas de Hackea tu café (todas Premium Cafés) — derivado, no declarado. El OBJETIVO también: E-Hack1 y E-Hack2 son Awareness.",N/A,048416,85414,N/A,N/A,N/A,N/A,N/A,POR DEFINIR,POR DEFINIR,POR DEFINIR,N/A,N/A,N/A,N/A,N/A,N/A,N/A,N/A,N/A,N/A
Nescafé,Concentrate,Premium Cafés,Hackea tu café,007-P009,Awareness,E-Hack4,N/A,N/A,Email,Principal,one-shot,2026-09-26,2026-09-26,2026-09,2026-09-Q2,2026-09-Q2,1,2026-09,1,POR DEFINIR,POR DEFINIR,POR DEFINIR,POR DEFINIR,SFMC · detalle día por día (sin jobs de prueba),1,SFMC · sfmc-detalle-2026-10-07.txt,Sí,37801,O_Nescafe-Espresso-Con-NC004682_5_IBS_CFEE_NESC_NCF_AAGW_MX_ES_HACK4_AC_EM_D_V1_048417,N/A,POR DEFINIR,NC004682,No,0,N/A,N/A,N/A,N/A,N/A,N/A,N/A,N/A,N/A,N/A,N/A,N/A,N/A,N/A,N/A,N/A,N/A,N/A,N/A,N/A,N/A,N/A,N/A,N/A,N/A,N/A,⚠ Por confirmar (alta del 7-oct-2026),POR DEFINIR,"Rick, 6-oct-2026: «Hack4». Blast del 26-sep. Email_ID 85439, journey 048417. Segmento y objetivo heredados de sus hermanas E-Hack1/E-Hack2.",N/A,048417,85439,N/A,N/A,N/A,N/A,N/A,POR DEFINIR,POR DEFINIR,POR DEFINIR,N/A,N/A,N/A,N/A,N/A,N/A,N/A,N/A,N/A,N/A
Nescafé,Concentrate,Premium Cafés,Hackea tu café,007-P010,Purchase,E-Rit3,N/A,N/A,Email,Principal,one-shot,2026-09-30,2026-09-30,2026-09,2026-09-Q2,2026-09-Q2,1,2026-09,1,POR DEFINIR,POR DEFINIR,POR DEFINIR,POR DEFINIR,SFMC · detalle día por día (sin jobs de prueba),1,SFMC · sfmc-detalle-2026-10-07.txt,Sí,37727,O_Nescafe-Espresso-Con-NC004682_6_IBS_CFEE_NESC_NCF_AAGW_MX_ES_E-Rit 3_AC_EM_C_V1_048414,N/A,POR DEFINIR,NC004682,No,0,N/A,N/A,N/A,N/A,N/A,N/A,N/A,N/A,N/A,N/A,N/A,N/A,N/A,N/A,N/A,N/A,N/A,N/A,N/A,N/A,N/A,N/A,N/A,N/A,N/A,N/A,⚠ Por confirmar (alta del 7-oct-2026),POR DEFINIR,"Rick, 6-oct-2026: «E-Rit3». Blast del 30-sep. Email_ID 85440, journey 048414. El OBJETIVO se hereda de E-Rit1/E-Rit2, que son Purchase.",N/A,048414,85440,N/A,N/A,N/A,N/A,N/A,POR DEFINIR,POR DEFINIR,POR DEFINIR,N/A,N/A,N/A,N/A,N/A,N/A,N/A,N/A,N/A,N/A
Nescafé,Concentrate,Premium Cafés Usuarios nuevos,Hackea tu café,007-P011,Awareness,E-Hack2-AON,N/A,N/A,Email,Principal,always-on,2026-09-24,2026-10-06,2026-09,2026-09-Q2,2026-09-Q2 ; 2026-10-Q1,2,2026-09 ; 2026-10,2,POR DEFINIR,POR DEFINIR,POR DEFINIR,POR DEFINIR,SFMC · detalle día por día (sin jobs de prueba),11,SFMC · sfmc-detalle-2026-10-07.txt,Sí,6550,O_Nescafe-Espresso-Con-NC004682_2_IBS_CFEE_NESC_NCF_AAGW_MX_ES_Concentrate_AC_EM_B_V2_001576_HACK2,N/A,POR DEFINIR,NC004682,No,0,N/A,N/A,N/A,N/A,N/A,N/A,N/A,N/A,N/A,N/A,N/A,N/A,N/A,N/A,N/A,N/A,N/A,N/A,N/A,N/A,N/A,N/A,N/A,N/A,N/A,N/A,⚠ Por confirmar (alta del 7-oct-2026),POR DEFINIR,"Super Journey 089375. Rick, 7-oct-2026: el touchpoint lleva «-AON» y el segmento es «Premium Cafés Usuarios nuevos» («Esa es la diferencia»). Es pieza APARTE de 007-P003 (E-Hack2): Email_ID 86189 vs el suyo, y EmailName `..._001576_HACK2` vs `..._001576`. Sin el sufijo del touchpoint colisionarían en la llave del reporte.",N/A,N/A,86189,N/A,N/A,N/A,N/A,N/A,POR DEFINIR,POR DEFINIR,POR DEFINIR,N/A,N/A,N/A,N/A,N/A,N/A,N/A,N/A,N/A,N/A
Nescafé,Concentrate,Premium Cafés Usuarios nuevos,Hackea tu café,007-P012,Awareness,E-Hack3-AON,N/A,N/A,Email,Principal,always-on,2026-09-27,2026-10-06,2026-09,2026-09-Q2,2026-09-Q2 ; 2026-10-Q1,2,2026-09 ; 2026-10,2,POR DEFINIR,POR DEFINIR,POR DEFINIR,POR DEFINIR,SFMC · detalle día por día (sin jobs de prueba),8,SFMC · sfmc-detalle-2026-10-07.txt,Sí,8563,O_Nescafe-Espresso-Con-NC004682_4_IBS_CFEE_NESC_NCF_AAGW_MX_ES_NA_AC_EM_C_V1_048416_HACK3,N/A,POR DEFINIR,NC004682,No,0,N/A,N/A,N/A,N/A,N/A,N/A,N/A,N/A,N/A,N/A,N/A,N/A,N/A,N/A,N/A,N/A,N/A,N/A,N/A,N/A,N/A,N/A,N/A,N/A,N/A,N/A,⚠ Por confirmar (alta del 7-oct-2026),POR DEFINIR,"Super Journey 089375. Pieza APARTE del blast 007-P008: Email_ID 86190 vs 85414, EmailName `..._048416_HACK3` vs `..._048416`. Los dos salieron en 2026-09-Q2, así que sin el sufijo se fusionaban en una sola fila.",N/A,N/A,86190,N/A,N/A,N/A,N/A,N/A,POR DEFINIR,POR DEFINIR,POR DEFINIR,N/A,N/A,N/A,N/A,N/A,N/A,N/A,N/A,N/A,N/A
Nescafé,Concentrate,Premium Cafés Usuarios nuevos,Hackea tu café,007-P013,Awareness,E-Hack4-AON,N/A,N/A,Email,Principal,always-on,2026-10-06,2026-10-06,2026-10,2026-10-Q1,2026-10-Q1,1,2026-10,1,POR DEFINIR,POR DEFINIR,POR DEFINIR,POR DEFINIR,SFMC · detalle día por día (sin jobs de prueba),1,SFMC · sfmc-detalle-2026-10-07.txt,Sí,2071,O_Nescafe-Espresso-Con-NC004682_5_IBS_CFEE_NESC_NCF_AAGW_MX_ES_HACK4_AC_EM_D_V1_048417_HACK4,N/A,POR DEFINIR,NC004682,No,0,N/A,N/A,N/A,N/A,N/A,N/A,N/A,N/A,N/A,N/A,N/A,N/A,N/A,N/A,N/A,N/A,N/A,N/A,N/A,N/A,N/A,N/A,N/A,N/A,N/A,N/A,⚠ Por confirmar (alta del 7-oct-2026),POR DEFINIR,Super Journey 089375. Pieza APARTE del blast 007-P009: Email_ID 86191 vs 85439.,N/A,N/A,86191,N/A,N/A,N/A,N/A,N/A,POR DEFINIR,POR DEFINIR,POR DEFINIR,N/A,N/A,N/A,N/A,N/A,N/A,N/A,N/A,N/A,N/A
Nescafé,Concentrate,Premium Cafés Usuarios nuevos,Hackea tu café,007-P014,Purchase,E-Rit1-AON,N/A,N/A,Email,Principal,always-on,2026-09-30,2026-10-06,2026-09,2026-09-Q2,2026-09-Q2 ; 2026-10-Q1,2,2026-09 ; 2026-10,2,POR DEFINIR,POR DEFINIR,POR DEFINIR,POR DEFINIR,SFMC · detalle día por día (sin jobs de prueba),7,SFMC · sfmc-detalle-2026-10-07.txt,Sí,8280,O_Nescafe-Espresso-Con-NC004682_2_IBS_CFEE_NESC_NCF_AAGW_MX_ES_NA_AC_EM_B_V2_024241_ERIT1,N/A,POR DEFINIR,NC004682,No,0,N/A,N/A,N/A,N/A,N/A,N/A,N/A,N/A,N/A,N/A,N/A,N/A,N/A,N/A,N/A,N/A,N/A,N/A,N/A,N/A,N/A,N/A,N/A,N/A,N/A,N/A,⚠ Por confirmar (alta del 7-oct-2026),POR DEFINIR,"Super Journey 089375. Pieza APARTE de 007-P005 (E-Rit1): Email_ID 86192 vs 84742, EmailName `..._024241_ERIT1` vs `..._024241`.",N/A,N/A,86192,N/A,N/A,N/A,N/A,N/A,POR DEFINIR,POR DEFINIR,POR DEFINIR,N/A,N/A,N/A,N/A,N/A,N/A,N/A,N/A,N/A,N/A
Nescafé,Concentrate,Premium Cafés Usuarios nuevos,Hackea tu café,007-P015,Purchase,E-Rit2-AON,N/A,N/A,Email,Principal,always-on,2026-10-03,2026-10-06,2026-10,2026-10-Q1,2026-10-Q1,1,2026-10,1,POR DEFINIR,POR DEFINIR,POR DEFINIR,POR DEFINIR,SFMC · detalle día por día (sin jobs de prueba),4,SFMC · sfmc-detalle-2026-10-07.txt,Sí,8229,O_Nescafe-Espresso-Con-NC004682_1_IBS_CFEE_NESC_NCF_AAGW_MX_ES_NA_AC_EM_C_V3_024242_ERIT2,N/A,POR DEFINIR,NC004682,No,0,N/A,N/A,N/A,N/A,N/A,N/A,N/A,N/A,N/A,N/A,N/A,N/A,N/A,N/A,N/A,N/A,N/A,N/A,N/A,N/A,N/A,N/A,N/A,N/A,N/A,N/A,⚠ Por confirmar (alta del 7-oct-2026),POR DEFINIR,"Super Journey 089375. Pieza APARTE de 007-P007 (E-Rit2): Email_ID 86193 vs 84984, EmailName `..._024242_ERIT2` vs `..._024242`.",N/A,N/A,86193,N/A,N/A,N/A,N/A,N/A,POR DEFINIR,POR DEFINIR,POR DEFINIR,N/A,N/A,N/A,N/A,N/A,N/A,N/A,N/A,N/A,N/A
RN,Maggi,POR DEFINIR,Liga MX,005-P017,Purchase,E-SNM-3,N/A,N/A,Email,Principal,one-shot,2026-10-06,2026-10-06,2026-10,2026-10-Q1,2026-10-Q1,1,2026-10,1,POR DEFINIR,POR DEFINIR,POR DEFINIR,POR DEFINIR,SFMC · detalle día por día (sin jobs de prueba),1,SFMC · sfmc-detalle-2026-10-07.txt,Sí,37046,O_Maggi-Seleccion-NC006537_NA_IBS_FOOD_MAGG_MGG_AMPZ_MX_ES_SNM2-MXVSCL_AQ_EM_A_NA_30794109,N/A,POR DEFINIR,NC006537,No,0,N/A,N/A,N/A,N/A,N/A,N/A,N/A,N/A,N/A,N/A,N/A,N/A,N/A,N/A,N/A,N/A,N/A,N/A,N/A,N/A,N/A,N/A,N/A,N/A,N/A,N/A,⚠ Por confirmar (alta del 7-oct-2026),POR DEFINIR,"Rick, 6-oct-2026: «E-SNM-3 vs Chile». 🔴 El nombre que pasó (`..._CDP-RN-LMXF_CN_EM_A_V1_03401`) NO EXISTE en SFMC: 0 resultados en tres búsquedas con el lector ya probado. El que sí existe es `..._SNM2-MXVSCL_AQ_EM_A_NA_30794109` (Email_ID 86519), y dice **SNM2**, no SNM-3, para el partido contra Chile. Manda el touchpoint de Rick; queda declarado que la fuente lo contradice. El OBJETIVO se hereda de la campaña (las piezas de Liga MX son Purchase); el SEGMENTO va POR DEFINIR porque la fuente lo trae `*por definir` y deducirlo del naming es lo prohibido.",N/A,30794109,86519,N/A,N/A,N/A,N/A,N/A,POR DEFINIR,POR DEFINIR,POR DEFINIR,N/A,N/A,N/A,N/A,N/A,N/A,N/A,N/A,N/A,N/A
Family Nes,NAN,POR DEFINIR,Territorios,010-P001,POR DEFINIR,E-T1,N/A,N/A,Email,Principal,always-on,2026-09-21,2026-09-22,2026-09,2026-09-Q2,2026-09-Q2,1,2026-09,1,POR DEFINIR,POR DEFINIR,POR DEFINIR,POR DEFINIR,SFMC · detalle día por día (sin jobs de prueba),2,SFMC · sfmc-detalle-2026-10-07.txt,Sí,42829,O_FamilyNes-NC008592_NA_IBS_NUTR_OTHR_OHS_AIPF_MX_ES_FmnesJourneyA1_AC_EM_A_NA_074830,N/A,POR DEFINIR,NC008592,No,0,N/A,N/A,N/A,N/A,N/A,N/A,N/A,N/A,N/A,N/A,N/A,N/A,N/A,N/A,N/A,N/A,N/A,N/A,N/A,N/A,N/A,N/A,N/A,N/A,N/A,N/A,⚠ Por confirmar (alta del 7-oct-2026),POR DEFINIR,"Rick, 6-oct-2026: «E-T1, E-T2, E-T3, respectivamente con el A1, 2 y 3». SFMC confirma BU «Family Nes» · Marca «NAN» · Campaña «Territorios». Email_ID 85947. 🔴 El mapeo A1→E-T1 lo declaró Rick y las FECHAS NO lo confirman (A2/A3 aparecían antes que A1): ahora se sabe por qué — esos envíos previos eran jobs de PRUEBA. Además solo A1 pertenece al journey 074830 que Rick nombró; A2 y A3 llevan 048229, otro journey. Objetivo y segmento POR DEFINIR: no los declaró nadie.",N/A,074830,85947,N/A,N/A,N/A,N/A,N/A,POR DEFINIR,POR DEFINIR,POR DEFINIR,N/A,N/A,N/A,N/A,N/A,N/A,N/A,N/A,N/A,N/A
Family Nes,NAN,POR DEFINIR,Territorios,010-P002,POR DEFINIR,E-T2,N/A,N/A,Email,Principal,always-on,2026-09-28,2026-09-28,2026-09,2026-09-Q2,2026-09-Q2,1,2026-09,1,POR DEFINIR,POR DEFINIR,POR DEFINIR,POR DEFINIR,SFMC · detalle día por día (sin jobs de prueba),1,SFMC · sfmc-detalle-2026-10-07.txt,Sí,42637,O_FamilyNes-NC008592_NA_IBS_NUTR_OTHR_OHS_AIPF_MX_ES_FmnesJourneyA2_AC_EM_A_NA_048229,N/A,POR DEFINIR,NC008592,No,0,N/A,N/A,N/A,N/A,N/A,N/A,N/A,N/A,N/A,N/A,N/A,N/A,N/A,N/A,N/A,N/A,N/A,N/A,N/A,N/A,N/A,N/A,N/A,N/A,N/A,N/A,⚠ Por confirmar (alta del 7-oct-2026),POR DEFINIR,"Rick, 6-oct-2026: A2 → E-T2. Email_ID 85753, journey 048229 (distinto del de A1).",N/A,048229,85753,N/A,N/A,N/A,N/A,N/A,POR DEFINIR,POR DEFINIR,POR DEFINIR,N/A,N/A,N/A,N/A,N/A,N/A,N/A,N/A,N/A,N/A
Family Nes,NAN,POR DEFINIR,Territorios,010-P003,POR DEFINIR,E-T3,N/A,N/A,Email,Principal,always-on,2026-10-05,2026-10-05,2026-10,2026-10-Q1,2026-10-Q1,1,2026-10,1,POR DEFINIR,POR DEFINIR,POR DEFINIR,POR DEFINIR,SFMC · detalle día por día (sin jobs de prueba),1,SFMC · sfmc-detalle-2026-10-07.txt,Sí,42437,O_FamilyNes-NC008592_NA_IBS_NUTR_OTHR_OHS_AIPF_MX_ES_FmnesJourneyA3_AC_EM_A_NA_048229,N/A,POR DEFINIR,NC008592,No,0,N/A,N/A,N/A,N/A,N/A,N/A,N/A,N/A,N/A,N/A,N/A,N/A,N/A,N/A,N/A,N/A,N/A,N/A,N/A,N/A,N/A,N/A,N/A,N/A,N/A,N/A,⚠ Por confirmar (alta del 7-oct-2026),POR DEFINIR,"Rick, 6-oct-2026: A3 → E-T3. Email_ID 85760, journey 048229.",N/A,048229,85760,N/A,N/A,N/A,N/A,N/A,POR DEFINIR,POR DEFINIR,POR DEFINIR,N/A,N/A,N/A,N/A,N/A,N/A,N/A,N/A,N/A,N/A
Chocolates,KitKat,POR DEFINIR,F1,011-P001,Purchase,E-P1,N/A,N/A,Email,Principal,one-shot,2026-10-01,2026-10-01,2026-10,2026-10-Q1,2026-10-Q1,1,2026-10,1,POR DEFINIR,POR DEFINIR,POR DEFINIR,POR DEFINIR,SFMC · detalle día por día (sin jobs de prueba),1,SFMC · sfmc-detalle-2026-10-07.txt,Sí,309973,O_Better-Breaks-NC005841_1_IBS_CONF_NEST_KIT_ACOR_MX_ES_KITKAT_F1_AQ_EM_A_V1_092459,N/A,POR DEFINIR,NC005841,No,0,N/A,N/A,N/A,N/A,N/A,N/A,N/A,N/A,N/A,N/A,N/A,N/A,N/A,N/A,N/A,N/A,N/A,N/A,N/A,N/A,N/A,N/A,N/A,N/A,N/A,N/A,⚠ Por confirmar (alta del 7-oct-2026),POR DEFINIR,"Rick, 6-oct-2026: «E-P1, Objetivo Purchase». SFMC confirma BU «Chocolates» · Marca «KitKat» · Campaña «F1». Email_ID 86387, asset 399454 en la carpeta `3092459_FORMULA 1`. El 6-oct tenía 1 solo envío de prueba; el envío real salió el 30-sep/1-oct con 309,977 (Rick: «está bien, el envío salió ayer»). El SEGMENTO va POR DEFINIR.",N/A,092459,86387,N/A,N/A,N/A,N/A,N/A,POR DEFINIR,POR DEFINIR,POR DEFINIR,N/A,N/A,N/A,N/A,N/A,N/A,N/A,N/A,N/A,N/A
RN,Maggi,Región unificada,Liga MX,005-P018,Purchase,WA-SNM-2,wa-snm-2,N/A,WhatsApp,Principal,one-shot,2026-09-29,2026-09-29,2026-09,2026-09-Q2,POR DEFINIR,POR DEFINIR,POR DEFINIR,POR DEFINIR,POR DEFINIR,POR DEFINIR,POR DEFINIR,POR DEFINIR,Reporte interno de WhatsApp · hoja «Maggi Liga MX»,1,Reporte interno de WhatsApp,Sí,2178,N/A,N/A,N/A,NC006537,Sí,1,POR DEFINIR,N/A,Ceviche Pescado,N/A,b48Oay1D,N/A,POR DEFINIR,N/A,N/A,N/A,N/A,N/A,N/A,N/A,N/A,N/A,N/A,N/A,N/A,N/A,N/A,N/A,N/A,N/A,N/A,N/A,⚠ Por confirmar (alta del 7-oct-2026),POR DEFINIR,"Rick, 6-oct-2026: «WA-SNM-2 vs Perú». Las dos filas están en la hoja «Maggi Liga MX» del reporte interno de WhatsApp (filas 26-27), y el lector del sistema las toma como continuación de tabla. 🔴 Su fecha venía como TEXTO en formato US (`9/29/2026`) mezclado con seriales de Excel, y el lector la convertía en «2026-29-09» — mes 29, que no existe. Arreglado en `lib-whatsapp.isoFecha` el 7-oct con 12 señuelos.",N/A,N/A,N/A,N/A,N/A,POR DEFINIR,N/A,N/A,N/A,POR DEFINIR,POR DEFINIR,N/A,N/A,N/A,N/A,N/A,N/A,N/A,O_Maggi-Seleccion-NC006537_1_IBS_FOOD_MAGG_MGG_AMPZ_MX_ES_MEXVSPER-2PM_CN_WA_A_V1_097964,O_Maggi-Seleccion-NC006537_1_IBS_FOOD_MAGG_MGG_AMPZ_MX_ES_MEXVSPER-6PM_CN_WA_A_V1_097964,POR DEFINIR
RN,Maggi,Región unificada,Liga MX,005-P019,Purchase,WA-SNM-3,wa-snm-3,N/A,WhatsApp,Principal,one-shot,PENDIENTE,PENDIENTE,PENDIENTE,PENDIENTE,POR DEFINIR,POR DEFINIR,POR DEFINIR,POR DEFINIR,POR DEFINIR,POR DEFINIR,POR DEFINIR,POR DEFINIR,PENDIENTE,PENDIENTE,Reporte interno de WhatsApp,N/A,PENDIENTE,N/A,N/A,N/A,NC006537,No,0,N/A,N/A,N/A,N/A,N/A,N/A,N/A,N/A,N/A,N/A,N/A,N/A,N/A,N/A,N/A,N/A,N/A,N/A,N/A,N/A,N/A,N/A,N/A,N/A,N/A,N/A,⚠ Por confirmar · sin datos en la fuente todavía,POR DEFINIR,"Rick, 6-oct-2026: «WA-SNM-3 vs Chile». 🔴 TODAVÍA NO ESTÁ EN LA FUENTE: la hoja de WhatsApp no trae ninguna fila con MEXVSCL (comprobado con el buscador del workbook, 0 ocurrencias) — salió el 6-oct y el reporte interno no lo ha recogido. Se da de alta con métricas PENDIENTE para que el corte la recoja sola cuando llegue; `PENDIENTE` es «aplica y lo debemos», distinto de `N/A`.",N/A,N/A,N/A,N/A,N/A,N/A,N/A,N/A,N/A,POR DEFINIR,POR DEFINIR,N/A,N/A,N/A,N/A,N/A,N/A,N/A,O_Maggi-Seleccion-NC006537_1_IBS_FOOD_MAGG_MGG_AMPZ_MX_ES_MEXVSCL-OCT06-4PM_CN_WA_A_V1_03400,O_Maggi-Seleccion-NC006537_1_IBS_FOOD_MAGG_MGG_AMPZ_MX_ES_MEXVSCL-MAR-7PM_CN_WA_A_V1_03399,POR DEFINIR